log_file,request_id,model,prompt_category,parameter,type,format,value,status,violations
llm-communication-20260502-225524.log,1,qwen2.5-coder:14b,positive_gen,boughtDateEnd,string,,2026-05-13T10:55:33Z,valid,
llm-communication-20260502-225524.log,1,qwen2.5-coder:14b,positive_gen,boughtDateEnd,string,,2026-05-19T10:55:33Z,valid,
llm-communication-20260502-225524.log,1,qwen2.5-coder:14b,positive_gen,boughtDateEnd,string,,2026-05-22T10:55:33Z,valid,
llm-communication-20260502-225524.log,1,qwen2.5-coder:14b,positive_gen,boughtDateEnd,string,,2026-05-27T10:55:33Z,valid,
llm-communication-20260502-225524.log,1,qwen2.5-coder:14b,positive_gen,boughtDateEnd,string,,2026-05-30T10:55:33Z,valid,
llm-communication-20260502-225524.log,2,qwen2.5-coder:14b,positive_gen,boughtDateEnd,string,,2026-05-03T10:55:40Z,valid,
llm-communication-20260502-225524.log,2,qwen2.5-coder:14b,positive_gen,boughtDateEnd,string,,2026-05-04T10:55:40Z,valid,
llm-communication-20260502-225524.log,2,qwen2.5-coder:14b,positive_gen,boughtDateEnd,string,,2026-05-05T10:55:40Z,valid,
llm-communication-20260502-225524.log,2,qwen2.5-coder:14b,positive_gen,boughtDateEnd,string,,2026-05-06T10:55:40Z,valid,
llm-communication-20260502-225524.log,2,qwen2.5-coder:14b,positive_gen,boughtDateEnd,string,,2026-05-07T10:55:40Z,valid,
llm-communication-20260502-225524.log,2,qwen2.5-coder:14b,positive_gen,boughtDateEnd,string,,2026-05-08T10:55:40Z,valid,
llm-communication-20260502-225524.log,2,qwen2.5-coder:14b,positive_gen,boughtDateEnd,string,,2026-05-09T10:55:40Z,valid,
llm-communication-20260502-225524.log,2,qwen2.5-coder:14b,positive_gen,boughtDateEnd,string,,2026-05-10T10:55:40Z,valid,
llm-communication-20260502-225524.log,2,qwen2.5-coder:14b,positive_gen,boughtDateEnd,string,,2026-05-11T10:55:40Z,valid,
llm-communication-20260502-225524.log,2,qwen2.5-coder:14b,positive_gen,boughtDateEnd,string,,2026-05-12T10:55:40Z,valid,
llm-communication-20260502-225524.log,2,qwen2.5-coder:14b,positive_gen,boughtDateEnd,string,,2026-05-13T10:55:40Z,valid,
llm-communication-20260502-225524.log,3,qwen2.5-coder:14b,positive_gen,boughtDateStart,string,,2026-05-03T10:55:53Z,valid,
llm-communication-20260502-225524.log,3,qwen2.5-coder:14b,positive_gen,boughtDateStart,string,,2026-05-04T10:55:53Z,valid,
llm-communication-20260502-225524.log,3,qwen2.5-coder:14b,positive_gen,boughtDateStart,string,,2026-05-08T10:55:53Z,valid,
llm-communication-20260502-225524.log,3,qwen2.5-coder:14b,positive_gen,boughtDateStart,string,,2026-05-15T10:55:53Z,valid,
llm-communication-20260502-225524.log,3,qwen2.5-coder:14b,positive_gen,boughtDateStart,string,,2026-05-20T10:55:53Z,valid,
llm-communication-20260502-225524.log,4,qwen2.5-coder:14b,positive_gen,boughtDateStart,string,,2026-05-03T22:55:59Z,valid,
llm-communication-20260502-225524.log,4,qwen2.5-coder:14b,positive_gen,boughtDateStart,string,,2026-05-04T22:55:59Z,valid,
llm-communication-20260502-225524.log,4,qwen2.5-coder:14b,positive_gen,boughtDateStart,string,,2026-05-05T22:55:59Z,valid,
llm-communication-20260502-225524.log,4,qwen2.5-coder:14b,positive_gen,boughtDateStart,string,,2026-05-06T22:55:59Z,valid,
llm-communication-20260502-225524.log,4,qwen2.5-coder:14b,positive_gen,boughtDateStart,string,,2026-05-07T22:55:59Z,valid,
llm-communication-20260502-225524.log,4,qwen2.5-coder:14b,positive_gen,boughtDateStart,string,,2026-05-08T22:55:59Z,valid,
llm-communication-20260502-225524.log,4,qwen2.5-coder:14b,positive_gen,boughtDateStart,string,,2026-05-09T22:55:59Z,valid,
llm-communication-20260502-225524.log,4,qwen2.5-coder:14b,positive_gen,boughtDateStart,string,,2026-05-10T22:55:59Z,valid,
llm-communication-20260502-225524.log,4,qwen2.5-coder:14b,positive_gen,boughtDateStart,string,,2026-05-11T22:55:59Z,valid,
llm-communication-20260502-225524.log,4,qwen2.5-coder:14b,positive_gen,boughtDateStart,string,,2026-05-12T22:55:59Z,valid,
llm-communication-20260502-225524.log,5,qwen2.5-coder:14b,positive_gen,enableBoughtDateQuery,boolean,,true,valid,
llm-communication-20260502-225524.log,5,qwen2.5-coder:14b,positive_gen,enableBoughtDateQuery,boolean,,false,valid,
llm-communication-20260502-225524.log,5,qwen2.5-coder:14b,positive_gen,enableBoughtDateQuery,boolean,,true,valid,
llm-communication-20260502-225524.log,5,qwen2.5-coder:14b,positive_gen,enableBoughtDateQuery,boolean,,false,valid,
llm-communication-20260502-225524.log,5,qwen2.5-coder:14b,positive_gen,enableBoughtDateQuery,boolean,,true,valid,
llm-communication-20260502-225524.log,6,qwen2.5-coder:14b,positive_gen,enableBoughtDateQuery,boolean,,true,valid,
llm-communication-20260502-225524.log,6,qwen2.5-coder:14b,positive_gen,enableBoughtDateQuery,boolean,,false,valid,
llm-communication-20260502-225524.log,6,qwen2.5-coder:14b,positive_gen,enableBoughtDateQuery,boolean,,true,valid,
llm-communication-20260502-225524.log,6,qwen2.5-coder:14b,positive_gen,enableBoughtDateQuery,boolean,,false,valid,
llm-communication-20260502-225524.log,6,qwen2.5-coder:14b,positive_gen,enableBoughtDateQuery,boolean,,true,valid,
llm-communication-20260502-225524.log,6,qwen2.5-coder:14b,positive_gen,enableBoughtDateQuery,boolean,,false,valid,
llm-communication-20260502-225524.log,6,qwen2.5-coder:14b,positive_gen,enableBoughtDateQuery,boolean,,true,valid,
llm-communication-20260502-225524.log,6,qwen2.5-coder:14b,positive_gen,enableBoughtDateQuery,boolean,,false,valid,
llm-communication-20260502-225524.log,6,qwen2.5-coder:14b,positive_gen,enableBoughtDateQuery,boolean,,true,valid,
llm-communication-20260502-225524.log,6,qwen2.5-coder:14b,positive_gen,enableBoughtDateQuery,boolean,,false,valid,
llm-communication-20260502-225524.log,6,qwen2.5-coder:14b,positive_gen,enableBoughtDateQuery,boolean,,true,valid,
llm-communication-20260502-225524.log,6,qwen2.5-coder:14b,positive_gen,enableBoughtDateQuery,boolean,,false,valid,
llm-communication-20260502-225524.log,6,qwen2.5-coder:14b,positive_gen,enableBoughtDateQuery,boolean,,true,valid,
llm-communication-20260502-225524.log,7,qwen2.5-coder:14b,positive_gen,enableStateQuery,boolean,,true,valid,
llm-communication-20260502-225524.log,7,qwen2.5-coder:14b,positive_gen,enableStateQuery,boolean,,false,valid,
llm-communication-20260502-225524.log,7,qwen2.5-coder:14b,positive_gen,enableStateQuery,boolean,,true,valid,
llm-communication-20260502-225524.log,7,qwen2.5-coder:14b,positive_gen,enableStateQuery,boolean,,false,valid,
llm-communication-20260502-225524.log,7,qwen2.5-coder:14b,positive_gen,enableStateQuery,boolean,,true,valid,
llm-communication-20260502-225524.log,8,qwen2.5-coder:14b,positive_gen,enableStateQuery,boolean,,true,valid,
llm-communication-20260502-225524.log,8,qwen2.5-coder:14b,positive_gen,enableStateQuery,boolean,,false,valid,
llm-communication-20260502-225524.log,8,qwen2.5-coder:14b,positive_gen,enableStateQuery,boolean,,true,valid,
llm-communication-20260502-225524.log,8,qwen2.5-coder:14b,positive_gen,enableStateQuery,boolean,,false,valid,
llm-communication-20260502-225524.log,8,qwen2.5-coder:14b,positive_gen,enableStateQuery,boolean,,true,valid,
llm-communication-20260502-225524.log,8,qwen2.5-coder:14b,positive_gen,enableStateQuery,boolean,,false,valid,
llm-communication-20260502-225524.log,8,qwen2.5-coder:14b,positive_gen,enableStateQuery,boolean,,true,valid,
llm-communication-20260502-225524.log,8,qwen2.5-coder:14b,positive_gen,enableStateQuery,boolean,,false,valid,
llm-communication-20260502-225524.log,8,qwen2.5-coder:14b,positive_gen,enableStateQuery,boolean,,true,valid,
llm-communication-20260502-225524.log,8,qwen2.5-coder:14b,positive_gen,enableStateQuery,boolean,,false,valid,
llm-communication-20260502-225524.log,8,qwen2.5-coder:14b,positive_gen,enableStateQuery,boolean,,true,valid,
llm-communication-20260502-225524.log,8,qwen2.5-coder:14b,positive_gen,enableStateQuery,boolean,,false,valid,
llm-communication-20260502-225524.log,8,qwen2.5-coder:14b,positive_gen,enableStateQuery,boolean,,true,valid,
llm-communication-20260502-225524.log,10,qwen2.5-coder:14b,simple_gen,enableTravelDateQuery,boolean,,true,valid,
llm-communication-20260502-225524.log,12,qwen2.5-coder:14b,positive_gen,enableTravelDateQuery,boolean,,true,valid,
llm-communication-20260502-225524.log,12,qwen2.5-coder:14b,positive_gen,enableTravelDateQuery,boolean,,false,valid,
llm-communication-20260502-225524.log,12,qwen2.5-coder:14b,positive_gen,enableTravelDateQuery,boolean,,true,valid,
llm-communication-20260502-225524.log,12,qwen2.5-coder:14b,positive_gen,enableTravelDateQuery,boolean,,false,valid,
llm-communication-20260502-225524.log,12,qwen2.5-coder:14b,positive_gen,enableTravelDateQuery,boolean,,true,valid,
llm-communication-20260502-225524.log,13,qwen2.5-coder:14b,positive_gen,enableTravelDateQuery,boolean,,true,valid,
llm-communication-20260502-225524.log,13,qwen2.5-coder:14b,positive_gen,enableTravelDateQuery,boolean,,false,valid,
llm-communication-20260502-225524.log,13,qwen2.5-coder:14b,positive_gen,enableTravelDateQuery,boolean,,true,valid,
llm-communication-20260502-225524.log,13,qwen2.5-coder:14b,positive_gen,enableTravelDateQuery,boolean,,false,valid,
llm-communication-20260502-225524.log,13,qwen2.5-coder:14b,positive_gen,enableTravelDateQuery,boolean,,true,valid,
llm-communication-20260502-225524.log,13,qwen2.5-coder:14b,positive_gen,enableTravelDateQuery,boolean,,false,valid,
llm-communication-20260502-225524.log,13,qwen2.5-coder:14b,positive_gen,enableTravelDateQuery,boolean,,true,valid,
llm-communication-20260502-225524.log,13,qwen2.5-coder:14b,positive_gen,enableTravelDateQuery,boolean,,false,valid,
llm-communication-20260502-225524.log,13,qwen2.5-coder:14b,positive_gen,enableTravelDateQuery,boolean,,true,valid,
llm-communication-20260502-225524.log,13,qwen2.5-coder:14b,positive_gen,enableTravelDateQuery,boolean,,false,valid,
llm-communication-20260502-225524.log,13,qwen2.5-coder:14b,positive_gen,enableTravelDateQuery,boolean,,true,valid,
llm-communication-20260502-225524.log,13,qwen2.5-coder:14b,positive_gen,enableTravelDateQuery,boolean,,false,valid,
llm-communication-20260502-225524.log,13,qwen2.5-coder:14b,positive_gen,enableTravelDateQuery,boolean,,true,valid,
llm-communication-20260502-225524.log,14,qwen2.5-coder:14b,positive_gen,loginId,string,,user123,valid,
llm-communication-20260502-225524.log,14,qwen2.5-coder:14b,positive_gen,loginId,string,,john_doe456,valid,
llm-communication-20260502-225524.log,14,qwen2.5-coder:14b,positive_gen,loginId,string,,alice.smith789,valid,
llm-communication-20260502-225524.log,14,qwen2.5-coder:14b,positive_gen,loginId,string,,bob_brown101,valid,
llm-communication-20260502-225524.log,14,qwen2.5-coder:14b,positive_gen,loginId,string,,charlie.jones202,valid,
llm-communication-20260502-225524.log,15,qwen2.5-coder:14b,positive_gen,loginId,string,,john_doe_01,valid,
llm-communication-20260502-225524.log,15,qwen2.5-coder:14b,positive_gen,loginId,string,,jane.smith.123456,valid,
llm-communication-20260502-225524.log,15,qwen2.5-coder:14b,positive_gen,loginId,string,,user_987654,valid,
llm-communication-20260502-225524.log,15,qwen2.5-coder:14b,positive_gen,loginId,string,,admin_user,valid,
llm-communication-20260502-225524.log,15,qwen2.5-coder:14b,positive_gen,loginId,string,,test_account,valid,
llm-communication-20260502-225524.log,15,qwen2.5-coder:14b,positive_gen,loginId,string,,sample_user,valid,
llm-communication-20260502-225524.log,15,qwen2.5-coder:14b,positive_gen,loginId,string,,guest123,valid,
llm-communication-20260502-225524.log,15,qwen2.5-coder:14b,positive_gen,loginId,string,,customer_1,valid,
llm-communication-20260502-225524.log,15,qwen2.5-coder:14b,positive_gen,loginId,string,,user_tester,valid,
llm-communication-20260502-225524.log,15,qwen2.5-coder:14b,positive_gen,loginId,string,,sales_rep,valid,
llm-communication-20260502-225524.log,15,qwen2.5-coder:14b,positive_gen,loginId,string,,manager_007,valid,
llm-communication-20260502-225524.log,15,qwen2.5-coder:14b,positive_gen,loginId,string,,support_agent,valid,
llm-communication-20260502-225524.log,15,qwen2.5-coder:14b,positive_gen,loginId,string,,sys_admin,valid,
llm-communication-20260502-225524.log,16,qwen2.5-coder:14b,positive_gen,state,integer,int32,10,valid,
llm-communication-20260502-225524.log,16,qwen2.5-coder:14b,positive_gen,state,integer,int32,20,valid,
llm-communication-20260502-225524.log,16,qwen2.5-coder:14b,positive_gen,state,integer,int32,30,valid,
llm-communication-20260502-225524.log,16,qwen2.5-coder:14b,positive_gen,state,integer,int32,40,valid,
llm-communication-20260502-225524.log,16,qwen2.5-coder:14b,positive_gen,state,integer,int32,50,valid,
llm-communication-20260502-225524.log,17,qwen2.5-coder:14b,positive_gen,state,integer,int32,23,valid,
llm-communication-20260502-225524.log,17,qwen2.5-coder:14b,positive_gen,state,integer,int32,45,valid,
llm-communication-20260502-225524.log,17,qwen2.5-coder:14b,positive_gen,state,integer,int32,67,valid,
llm-communication-20260502-225524.log,17,qwen2.5-coder:14b,positive_gen,state,integer,int32,89,valid,
llm-communication-20260502-225524.log,17,qwen2.5-coder:14b,positive_gen,state,integer,int32,12,valid,
llm-communication-20260502-225524.log,17,qwen2.5-coder:14b,positive_gen,state,integer,int32,34,valid,
llm-communication-20260502-225524.log,17,qwen2.5-coder:14b,positive_gen,state,integer,int32,56,valid,
llm-communication-20260502-225524.log,17,qwen2.5-coder:14b,positive_gen,state,integer,int32,78,valid,
llm-communication-20260502-225524.log,17,qwen2.5-coder:14b,positive_gen,state,integer,int32,90,valid,
llm-communication-20260502-225524.log,17,qwen2.5-coder:14b,positive_gen,state,integer,int32,11,valid,
llm-communication-20260502-225524.log,19,qwen2.5-coder:14b,simple_gen,travelDateEnd,string,,2024-11-30,valid,
llm-communication-20260502-225524.log,21,qwen2.5-coder:14b,diverse_gen,travelDateEnd,string,,2023-12-15,valid,
llm-communication-20260502-225524.log,21,qwen2.5-coder:14b,diverse_gen,travelDateEnd,string,,2015-08-22 14:30:00,valid,
llm-communication-20260502-225524.log,21,qwen2.5-coder:14b,diverse_gen,travelDateEnd,string,,2017-07-19 09:45:00,valid,
llm-communication-20260502-225524.log,21,qwen2.5-coder:14b,diverse_gen,travelDateEnd,string,,2021-10-01,valid,
llm-communication-20260502-225524.log,21,qwen2.5-coder:14b,diverse_gen,travelDateEnd,string,,2019-06-28 20:15:30,valid,
llm-communication-20260502-225524.log,21,qwen2.5-coder:14b,diverse_gen,travelDateEnd,string,,2022-04-30 08:00:00,valid,
llm-communication-20260502-225524.log,21,qwen2.5-coder:14b,diverse_gen,travelDateEnd,string,,2018-02-14,valid,
llm-communication-20260502-225524.log,22,qwen2.5-coder:14b,positive_gen,travelDateEnd,string,,2026-05-17T10:56:53Z,valid,
llm-communication-20260502-225524.log,22,qwen2.5-coder:14b,positive_gen,travelDateEnd,string,,2026-05-18T10:56:53Z,valid,
llm-communication-20260502-225524.log,22,qwen2.5-coder:14b,positive_gen,travelDateEnd,string,,2026-05-22T10:56:53Z,valid,
llm-communication-20260502-225524.log,22,qwen2.5-coder:14b,positive_gen,travelDateEnd,string,,2026-05-24T10:56:53Z,valid,
llm-communication-20260502-225524.log,22,qwen2.5-coder:14b,positive_gen,travelDateEnd,string,,2026-05-29T10:56:53Z,valid,
llm-communication-20260502-225524.log,23,qwen2.5-coder:14b,positive_gen,travelDateEnd,string,,2026-05-03T10:57:00Z,valid,
llm-communication-20260502-225524.log,23,qwen2.5-coder:14b,positive_gen,travelDateEnd,string,,2026-05-04T10:57:00Z,valid,
llm-communication-20260502-225524.log,23,qwen2.5-coder:14b,positive_gen,travelDateEnd,string,,2026-05-05T10:57:00Z,valid,
llm-communication-20260502-225524.log,23,qwen2.5-coder:14b,positive_gen,travelDateEnd,string,,2026-05-06T10:57:00Z,valid,
llm-communication-20260502-225524.log,23,qwen2.5-coder:14b,positive_gen,travelDateEnd,string,,2026-05-07T10:57:00Z,valid,
llm-communication-20260502-225524.log,23,qwen2.5-coder:14b,positive_gen,travelDateEnd,string,,2026-05-08T10:57:00Z,valid,
llm-communication-20260502-225524.log,23,qwen2.5-coder:14b,positive_gen,travelDateEnd,string,,2026-05-09T10:57:00Z,valid,
llm-communication-20260502-225524.log,25,qwen2.5-coder:14b,simple_gen,travelDateStart,string,,2024-01-15,valid,
llm-communication-20260502-225524.log,27,qwen2.5-coder:14b,diverse_gen,travelDateStart,string,,,abstained,abstained: LLM emitted no value
llm-communication-20260502-225524.log,28,qwen2.5-coder:14b,positive_gen,travelDateStart,string,,2026-05-03T10:57:17Z,valid,
llm-communication-20260502-225524.log,28,qwen2.5-coder:14b,positive_gen,travelDateStart,string,,2026-05-04T10:57:17Z,valid,
llm-communication-20260502-225524.log,28,qwen2.5-coder:14b,positive_gen,travelDateStart,string,,2026-05-05T10:57:17Z,valid,
llm-communication-20260502-225524.log,28,qwen2.5-coder:14b,positive_gen,travelDateStart,string,,2026-05-06T10:57:17Z,valid,
llm-communication-20260502-225524.log,28,qwen2.5-coder:14b,positive_gen,travelDateStart,string,,2026-05-07T10:57:17Z,valid,
llm-communication-20260502-225524.log,29,qwen2.5-coder:14b,positive_gen,travelDateStart,string,,2026-05-03T00:00:00Z,valid,
llm-communication-20260502-225524.log,29,qwen2.5-coder:14b,positive_gen,travelDateStart,string,,2026-05-04T00:00:00Z,valid,
llm-communication-20260502-225524.log,29,qwen2.5-coder:14b,positive_gen,travelDateStart,string,,2026-05-05T00:00:00Z,valid,
llm-communication-20260502-225524.log,29,qwen2.5-coder:14b,positive_gen,travelDateStart,string,,2026-05-06T00:00:00Z,valid,
llm-communication-20260502-225524.log,29,qwen2.5-coder:14b,positive_gen,travelDateStart,string,,2026-05-07T00:00:00Z,valid,
llm-communication-20260502-225524.log,29,qwen2.5-coder:14b,positive_gen,travelDateStart,string,,2026-05-08T00:00:00Z,valid,
llm-communication-20260502-225524.log,29,qwen2.5-coder:14b,positive_gen,travelDateStart,string,,2026-05-09T00:00:00Z,valid,
llm-communication-20260502-225524.log,29,qwen2.5-coder:14b,positive_gen,travelDateStart,string,,2026-05-10T00:00:00Z,valid,
llm-communication-20260502-225524.log,29,qwen2.5-coder:14b,positive_gen,travelDateStart,string,,2026-05-11T00:00:00Z,valid,
llm-communication-20260502-225524.log,29,qwen2.5-coder:14b,positive_gen,travelDateStart,string,,2026-05-12T00:00:00Z,valid,
llm-communication-20260502-225524.log,29,qwen2.5-coder:14b,positive_gen,travelDateStart,string,,2026-05-13T00:00:00Z,valid,
llm-communication-20260502-225524.log,30,qwen2.5-coder:14b,positive_gen,orderId,string,,1234567890,valid,
llm-communication-20260502-225524.log,30,qwen2.5-coder:14b,positive_gen,orderId,string,,ABC123XYZ,valid,
llm-communication-20260502-225524.log,30,qwen2.5-coder:14b,positive_gen,orderId,string,,9876543210,valid,
llm-communication-20260502-225524.log,30,qwen2.5-coder:14b,positive_gen,orderId,string,,DEF456UVW,valid,
llm-communication-20260502-225524.log,30,qwen2.5-coder:14b,positive_gen,orderId,string,,0987654321,valid,
llm-communication-20260502-225524.log,31,qwen2.5-coder:14b,positive_gen,orderId,string,,ORD123456789,valid,
llm-communication-20260502-225524.log,31,qwen2.5-coder:14b,positive_gen,orderId,string,,ORD987654321,valid,
llm-communication-20260502-225524.log,31,qwen2.5-coder:14b,positive_gen,orderId,string,,ORD000000001,valid,
llm-communication-20260502-225524.log,31,qwen2.5-coder:14b,positive_gen,orderId,string,,ORD111111111,valid,
llm-communication-20260502-225524.log,31,qwen2.5-coder:14b,positive_gen,orderId,string,,ORD222222222,valid,
llm-communication-20260502-225524.log,31,qwen2.5-coder:14b,positive_gen,orderId,string,,ORD333333333,valid,
llm-communication-20260502-225524.log,31,qwen2.5-coder:14b,positive_gen,orderId,string,,ORD444444444,valid,
llm-communication-20260502-225524.log,31,qwen2.5-coder:14b,positive_gen,orderId,string,,ORD555555555,valid,
llm-communication-20260502-225524.log,31,qwen2.5-coder:14b,positive_gen,orderId,string,,ORD666666666,valid,
llm-communication-20260502-225524.log,31,qwen2.5-coder:14b,positive_gen,orderId,string,,ORD777777777,valid,
llm-communication-20260502-225524.log,31,qwen2.5-coder:14b,positive_gen,orderId,string,,ORD888888888,valid,
llm-communication-20260502-225524.log,31,qwen2.5-coder:14b,positive_gen,orderId,string,,ORD999999999,valid,
llm-communication-20260502-225524.log,31,qwen2.5-coder:14b,positive_gen,orderId,string,,ORD123456780,valid,
llm-communication-20260502-225524.log,31,qwen2.5-coder:14b,positive_gen,orderId,string,,ORD098765432,valid,
llm-communication-20260502-225524.log,31,qwen2.5-coder:14b,positive_gen,orderId,string,,ORD112233445,valid,
llm-communication-20260502-225524.log,31,qwen2.5-coder:14b,positive_gen,orderId,string,,ORD556677889,valid,
llm-communication-20260502-225524.log,31,qwen2.5-coder:14b,positive_gen,orderId,string,,ORD998877665,valid,
llm-communication-20260502-225524.log,31,qwen2.5-coder:14b,positive_gen,orderId,string,,ORD246801357,valid,
llm-communication-20260502-225524.log,31,qwen2.5-coder:14b,positive_gen,orderId,string,,ORD135792468,valid,
llm-communication-20260502-225524.log,31,qwen2.5-coder:14b,positive_gen,orderId,string,,ORD864209753,valid,
llm-communication-20260502-225524.log,31,qwen2.5-coder:14b,positive_gen,orderId,string,,ORD432109876,valid,
llm-communication-20260502-225524.log,31,qwen2.5-coder:14b,positive_gen,orderId,string,,ORD654321098,valid,
llm-communication-20260502-225524.log,31,qwen2.5-coder:14b,positive_gen,orderId,string,,ORD789012345,valid,
llm-communication-20260502-225524.log,31,qwen2.5-coder:14b,positive_gen,orderId,string,,ORD321654987,valid,
llm-communication-20260502-225524.log,31,qwen2.5-coder:14b,positive_gen,orderId,string,,ORD876543210,valid,
llm-communication-20260502-225524.log,31,qwen2.5-coder:14b,positive_gen,orderId,string,,ORD987654320,valid,
llm-communication-20260502-225524.log,31,qwen2.5-coder:14b,positive_gen,orderId,string,,ORD123456781,valid,
llm-communication-20260502-225524.log,31,qwen2.5-coder:14b,positive_gen,orderId,string,,ORD098765431,valid,
llm-communication-20260502-225524.log,31,qwen2.5-coder:14b,positive_gen,orderId,string,,ORD112233444,valid,
llm-communication-20260502-225524.log,31,qwen2.5-coder:14b,positive_gen,orderId,string,,ORD556677888,valid,
llm-communication-20260502-225524.log,31,qwen2.5-coder:14b,positive_gen,orderId,string,,ORD998877666,valid,
llm-communication-20260502-225524.log,31,qwen2.5-coder:14b,positive_gen,orderId,string,,ORD246801356,valid,
llm-communication-20260502-225524.log,31,qwen2.5-coder:14b,positive_gen,orderId,string,,ORD135792467,valid,
llm-communication-20260502-225524.log,31,qwen2.5-coder:14b,positive_gen,orderId,string,,ORD864209752,valid,
llm-communication-20260502-225524.log,31,qwen2.5-coder:14b,positive_gen,orderId,string,,ORD432109875,valid,
llm-communication-20260502-225524.log,31,qwen2.5-coder:14b,positive_gen,orderId,string,,ORD654321097,valid,
llm-communication-20260502-225524.log,31,qwen2.5-coder:14b,positive_gen,orderId,string,,ORD789012344,valid,
llm-communication-20260502-225524.log,31,qwen2.5-coder:14b,positive_gen,orderId,string,,ORD321654986,valid,
llm-communication-20260502-225524.log,31,qwen2.5-coder:14b,positive_gen,orderId,string,,ORD876543209,valid,
llm-communication-20260502-225524.log,34,qwen2.5-coder:14b,positive_gen,id,string,,1234567890,valid,
llm-communication-20260502-225524.log,34,qwen2.5-coder:14b,positive_gen,id,string,,9876543210,valid,
llm-communication-20260502-225524.log,34,qwen2.5-coder:14b,positive_gen,id,string,,abcde12345,valid,
llm-communication-20260502-225524.log,34,qwen2.5-coder:14b,positive_gen,id,string,,54321zyxwv,valid,
llm-communication-20260502-225524.log,34,qwen2.5-coder:14b,positive_gen,id,string,,uniqueID-001,valid,
llm-communication-20260502-225524.log,35,qwen2.5-coder:14b,positive_gen,id,string,,1234567890,valid,
llm-communication-20260502-225524.log,35,qwen2.5-coder:14b,positive_gen,id,string,,abcdef12345,valid,
llm-communication-20260502-225524.log,35,qwen2.5-coder:14b,positive_gen,id,string,,xyz123abcde,valid,
llm-communication-20260502-225524.log,35,qwen2.5-coder:14b,positive_gen,id,string,,9876543210,valid,
llm-communication-20260502-225524.log,35,qwen2.5-coder:14b,positive_gen,id,string,,qwertyuiop,valid,
llm-communication-20260502-225524.log,35,qwen2.5-coder:14b,positive_gen,id,string,,asdfghjklz,valid,
llm-communication-20260502-225524.log,35,qwen2.5-coder:14b,positive_gen,id,string,,zxcvbnm123,valid,
llm-communication-20260502-225524.log,35,qwen2.5-coder:14b,positive_gen,id,string,,12345-67890,valid,
llm-communication-20260502-225524.log,35,qwen2.5-coder:14b,positive_gen,id,string,,abcd-efg-hij,valid,
llm-communication-20260502-225524.log,35,qwen2.5-coder:14b,positive_gen,id,string,,mnop-qrs-tuv,valid,
llm-communication-20260502-225524.log,35,qwen2.5-coder:14b,positive_gen,id,string,,wxyz-123-456,valid,
llm-communication-20260502-225524.log,35,qwen2.5-coder:14b,positive_gen,id,string,,789012345678,valid,
llm-communication-20260502-225524.log,35,qwen2.5-coder:14b,positive_gen,id,string,,ijkl-mnop-qrst,valid,
llm-communication-20260502-225524.log,35,qwen2.5-coder:14b,positive_gen,id,string,,uvwx-yzab-cde,valid,
llm-communication-20260502-225524.log,35,qwen2.5-coder:14b,positive_gen,id,string,,fghijk-lmno-pqr,valid,
llm-communication-20260502-225524.log,35,qwen2.5-coder:14b,positive_gen,id,string,,stuvw-xyz-a-bc,valid,
llm-communication-20260502-225524.log,35,qwen2.5-coder:14b,positive_gen,id,string,,defg-hij-klmno,valid,
llm-communication-20260502-225524.log,35,qwen2.5-coder:14b,positive_gen,id,string,,pqrs-tuv-wxyz,valid,
llm-communication-20260502-225524.log,35,qwen2.5-coder:14b,positive_gen,id,string,,abc-def-ghi-jk,valid,
llm-communication-20260502-225524.log,35,qwen2.5-coder:14b,positive_gen,id,string,,lmn-opq-rst-uv,valid,
llm-communication-20260502-225524.log,35,qwen2.5-coder:14b,positive_gen,id,string,,wxy-zab-cde-fg,valid,
llm-communication-20260502-225524.log,35,qwen2.5-coder:14b,positive_gen,id,string,,hij-klm-no-pqr,valid,
llm-communication-20260502-225524.log,35,qwen2.5-coder:14b,positive_gen,id,string,,stu-vwx-yz-ab,valid,
llm-communication-20260502-225524.log,35,qwen2.5-coder:14b,positive_gen,id,string,,cd-ef-gh-i-jk,valid,
llm-communication-20260502-225524.log,35,qwen2.5-coder:14b,positive_gen,id,string,,lm-nop-q-r-stu,valid,
llm-communication-20260502-225524.log,35,qwen2.5-coder:14b,positive_gen,id,string,,vw-x-yz-a-bc-d,valid,
llm-communication-20260502-225524.log,35,qwen2.5-coder:14b,positive_gen,id,string,,e-f-ghi-j-k-lm,valid,
llm-communication-20260502-225524.log,35,qwen2.5-coder:14b,positive_gen,id,string,,no-pq-rst-u-vw,valid,
llm-communication-20260502-225524.log,35,qwen2.5-coder:14b,positive_gen,id,string,,x-yz-a-b-c-de,valid,
llm-communication-20260502-225524.log,35,qwen2.5-coder:14b,positive_gen,id,string,,f-g-hi-j-k-l-mn,valid,
llm-communication-20260502-225524.log,35,qwen2.5-coder:14b,positive_gen,id,string,,o-pqr-stu-v-wxy,valid,
llm-communication-20260502-225524.log,35,qwen2.5-coder:14b,positive_gen,id,string,,z-ab-cd-e-fgh,valid,
llm-communication-20260502-225524.log,35,qwen2.5-coder:14b,positive_gen,id,string,,ij-klm-no-p-qrs,valid,
llm-communication-20260502-225524.log,35,qwen2.5-coder:14b,positive_gen,id,string,,tu-vwx-yz-a-bc,valid,
llm-communication-20260502-225524.log,35,qwen2.5-coder:14b,positive_gen,id,string,,def-ghi-jk-lmn,valid,
llm-communication-20260502-225524.log,35,qwen2.5-coder:14b,positive_gen,id,string,,opq-rst-uvw-x,valid,
llm-communication-20260502-225524.log,35,qwen2.5-coder:14b,positive_gen,id,string,,yz-ab-cde-fg-h,valid,
llm-communication-20260502-225524.log,35,qwen2.5-coder:14b,positive_gen,id,string,,i-j-k-l-mn-opq,valid,
llm-communication-20260502-225524.log,35,qwen2.5-coder:14b,positive_gen,id,string,,rst-u-vwx-y-z,valid,
llm-communication-20260502-225524.log,35,qwen2.5-coder:14b,positive_gen,id,string,,a-bc-de-fgh-ij,valid,
llm-communication-20260502-225524.log,35,qwen2.5-coder:14b,positive_gen,id,string,,klm-nop-qrs-tu,valid,
llm-communication-20260502-225524.log,35,qwen2.5-coder:14b,positive_gen,id,string,,v-wxy-z-ab-cd,valid,
llm-communication-20260502-225524.log,35,qwen2.5-coder:14b,positive_gen,id,string,,e-fghi-jk-lmn-o,valid,
llm-communication-20260502-225524.log,35,qwen2.5-coder:14b,positive_gen,id,string,,pqr-stu-vw-x-yz,valid,
llm-communication-20260502-225524.log,36,qwen2.5-coder:14b,positive_gen,departureTime,string,date,2026-05-03,valid,
llm-communication-20260502-225524.log,36,qwen2.5-coder:14b,positive_gen,departureTime,string,date,2026-04-29,valid,
llm-communication-20260502-225524.log,36,qwen2.5-coder:14b,positive_gen,departureTime,string,date,2026-05-16,valid,
llm-communication-20260502-225524.log,36,qwen2.5-coder:14b,positive_gen,departureTime,string,date,2026-05-07,valid,
llm-communication-20260502-225524.log,36,qwen2.5-coder:14b,positive_gen,departureTime,string,date,2026-05-20,valid,
llm-communication-20260502-225524.log,37,qwen2.5-coder:14b,positive_gen,departureTime,string,date,2026-05-03,valid,
llm-communication-20260502-225524.log,37,qwen2.5-coder:14b,positive_gen,departureTime,string,date,2026-05-04,valid,
llm-communication-20260502-225524.log,37,qwen2.5-coder:14b,positive_gen,departureTime,string,date,2026-05-05,valid,
llm-communication-20260502-225524.log,37,qwen2.5-coder:14b,positive_gen,departureTime,string,date,2026-05-06,valid,
llm-communication-20260502-225524.log,37,qwen2.5-coder:14b,positive_gen,departureTime,string,date,2026-05-07,valid,
llm-communication-20260502-225524.log,37,qwen2.5-coder:14b,positive_gen,departureTime,string,date,2026-05-08,valid,
llm-communication-20260502-225524.log,37,qwen2.5-coder:14b,positive_gen,departureTime,string,date,2026-05-09,valid,
llm-communication-20260502-225524.log,37,qwen2.5-coder:14b,positive_gen,departureTime,string,date,2026-05-10,valid,
llm-communication-20260502-225524.log,37,qwen2.5-coder:14b,positive_gen,departureTime,string,date,2026-05-11,valid,
llm-communication-20260502-225524.log,37,qwen2.5-coder:14b,positive_gen,departureTime,string,date,2026-05-12,valid,
llm-communication-20260502-225524.log,37,qwen2.5-coder:14b,positive_gen,departureTime,string,date,2026-05-13,valid,
llm-communication-20260502-225524.log,37,qwen2.5-coder:14b,positive_gen,departureTime,string,date,2026-05-14,valid,
llm-communication-20260502-225524.log,37,qwen2.5-coder:14b,positive_gen,departureTime,string,date,2026-05-15,valid,
llm-communication-20260502-225524.log,37,qwen2.5-coder:14b,positive_gen,departureTime,string,date,2026-05-16,valid,
llm-communication-20260502-225524.log,37,qwen2.5-coder:14b,positive_gen,departureTime,string,date,2026-05-17,valid,
llm-communication-20260502-225524.log,38,qwen2.5-coder:14b,positive_gen,endPlace,string,,Chicago,valid,
llm-communication-20260502-225524.log,38,qwen2.5-coder:14b,positive_gen,endPlace,string,,New York,valid,
llm-communication-20260502-225524.log,38,qwen2.5-coder:14b,positive_gen,endPlace,string,,Los Angeles,valid,
llm-communication-20260502-225524.log,38,qwen2.5-coder:14b,positive_gen,endPlace,string,,Miami,valid,
llm-communication-20260502-225524.log,38,qwen2.5-coder:14b,positive_gen,endPlace,string,,San Francisco,valid,
llm-communication-20260502-225524.log,39,qwen2.5-coder:14b,positive_gen,endPlace,string,,Chicago,valid,
llm-communication-20260502-225524.log,39,qwen2.5-coder:14b,positive_gen,endPlace,string,,New York City,valid,
llm-communication-20260502-225524.log,39,qwen2.5-coder:14b,positive_gen,endPlace,string,,Los Angeles,valid,
llm-communication-20260502-225524.log,39,qwen2.5-coder:14b,positive_gen,endPlace,string,,Houston,valid,
llm-communication-20260502-225524.log,39,qwen2.5-coder:14b,positive_gen,endPlace,string,,Phoenix,valid,
llm-communication-20260502-225524.log,39,qwen2.5-coder:14b,positive_gen,endPlace,string,,Philadelphia,valid,
llm-communication-20260502-225524.log,39,qwen2.5-coder:14b,positive_gen,endPlace,string,,San Antonio,valid,
llm-communication-20260502-225524.log,39,qwen2.5-coder:14b,positive_gen,endPlace,string,,San Diego,valid,
llm-communication-20260502-225524.log,39,qwen2.5-coder:14b,positive_gen,endPlace,string,,Dallas,valid,
llm-communication-20260502-225524.log,39,qwen2.5-coder:14b,positive_gen,endPlace,string,,San Jose,valid,
llm-communication-20260502-225524.log,39,qwen2.5-coder:14b,positive_gen,endPlace,string,,Austin,valid,
llm-communication-20260502-225524.log,39,qwen2.5-coder:14b,positive_gen,endPlace,string,,Jacksonville,valid,
llm-communication-20260502-225524.log,39,qwen2.5-coder:14b,positive_gen,endPlace,string,,Fort Worth,valid,
llm-communication-20260502-225524.log,39,qwen2.5-coder:14b,positive_gen,endPlace,string,,Columbus,valid,
llm-communication-20260502-225524.log,39,qwen2.5-coder:14b,positive_gen,endPlace,string,,Charlotte,valid,
llm-communication-20260502-225524.log,42,qwen2.5-coder:14b,diverse_gen,startPlace,string,,"tianjin,chengdu,wuhan",valid,
llm-communication-20260502-225524.log,42,qwen2.5-coder:14b,diverse_gen,startPlace,string,,"guangzhou,dongguan,foshan",valid,
llm-communication-20260502-225524.log,42,qwen2.5-coder:14b,diverse_gen,startPlace,string,,"shenyang,changchun,harbin",valid,
llm-communication-20260502-225524.log,42,qwen2.5-coder:14b,diverse_gen,startPlace,string,,"hangzhou,ningbo,wenzhou",valid,
llm-communication-20260502-225524.log,42,qwen2.5-coder:14b,diverse_gen,startPlace,string,,"zhengzhou,xian,xa",valid,
llm-communication-20260502-225524.log,42,qwen2.5-coder:14b,diverse_gen,startPlace,string,,"chengdu,chongqing,yichang",valid,
llm-communication-20260502-225524.log,42,qwen2.5-coder:14b,diverse_gen,startPlace,string,,"nanchang,fuzhou,xiamen",valid,
llm-communication-20260502-225524.log,42,qwen2.5-coder:14b,diverse_gen,startPlace,string,,"haikou,sanya,qionghai",valid,
llm-communication-20260502-225524.log,43,qwen2.5-coder:14b,positive_gen,startPlace,string,,Chicago O'Hare International Airport,valid,
llm-communication-20260502-225524.log,43,qwen2.5-coder:14b,positive_gen,startPlace,string,,New York-JFK Airport,valid,
llm-communication-20260502-225524.log,43,qwen2.5-coder:14b,positive_gen,startPlace,string,,Los Angeles International Airport,valid,
llm-communication-20260502-225524.log,43,qwen2.5-coder:14b,positive_gen,startPlace,string,,San Francisco International Airport,valid,
llm-communication-20260502-225524.log,43,qwen2.5-coder:14b,positive_gen,startPlace,string,,Denver International Airport,valid,
llm-communication-20260502-225524.log,44,qwen2.5-coder:14b,positive_gen,startPlace,string,,New York City,valid,
llm-communication-20260502-225524.log,44,qwen2.5-coder:14b,positive_gen,startPlace,string,,Los Angeles,valid,
llm-communication-20260502-225524.log,44,qwen2.5-coder:14b,positive_gen,startPlace,string,,Chicago,valid,
llm-communication-20260502-225524.log,44,qwen2.5-coder:14b,positive_gen,startPlace,string,,Houston,valid,
llm-communication-20260502-225524.log,44,qwen2.5-coder:14b,positive_gen,startPlace,string,,Phoenix,valid,
llm-communication-20260502-225524.log,44,qwen2.5-coder:14b,positive_gen,startPlace,string,,Philadelphia,valid,
llm-communication-20260502-225524.log,44,qwen2.5-coder:14b,positive_gen,startPlace,string,,San Antonio,valid,
llm-communication-20260502-225524.log,44,qwen2.5-coder:14b,positive_gen,startPlace,string,,San Diego,valid,
llm-communication-20260502-225524.log,44,qwen2.5-coder:14b,positive_gen,startPlace,string,,Dallas,valid,
llm-communication-20260502-225524.log,44,qwen2.5-coder:14b,positive_gen,startPlace,string,,San Jose,valid,
llm-communication-20260502-225524.log,44,qwen2.5-coder:14b,positive_gen,startPlace,string,,Jacksonville,valid,
llm-communication-20260502-225524.log,44,qwen2.5-coder:14b,positive_gen,startPlace,string,,Indianapolis,valid,
llm-communication-20260502-225524.log,45,qwen2.5-coder:14b,positive_gen,averageSpeed,integer,int32,60,valid,
llm-communication-20260502-225524.log,45,qwen2.5-coder:14b,positive_gen,averageSpeed,integer,int32,75,valid,
llm-communication-20260502-225524.log,45,qwen2.5-coder:14b,positive_gen,averageSpeed,integer,int32,85,valid,
llm-communication-20260502-225524.log,45,qwen2.5-coder:14b,positive_gen,averageSpeed,integer,int32,90,valid,
llm-communication-20260502-225524.log,45,qwen2.5-coder:14b,positive_gen,averageSpeed,integer,int32,100,valid,
llm-communication-20260502-225524.log,46,qwen2.5-coder:14b,positive_gen,averageSpeed,integer,int32,60,valid,
llm-communication-20260502-225524.log,46,qwen2.5-coder:14b,positive_gen,averageSpeed,integer,int32,85,valid,
llm-communication-20260502-225524.log,46,qwen2.5-coder:14b,positive_gen,averageSpeed,integer,int32,90,valid,
llm-communication-20260502-225524.log,46,qwen2.5-coder:14b,positive_gen,averageSpeed,integer,int32,120,valid,
llm-communication-20260502-225524.log,46,qwen2.5-coder:14b,positive_gen,averageSpeed,integer,int32,135,valid,
llm-communication-20260502-225524.log,46,qwen2.5-coder:14b,positive_gen,averageSpeed,integer,int32,150,valid,
llm-communication-20260502-225524.log,46,qwen2.5-coder:14b,positive_gen,averageSpeed,integer,int32,160,valid,
llm-communication-20260502-225524.log,46,qwen2.5-coder:14b,positive_gen,averageSpeed,integer,int32,180,valid,
llm-communication-20260502-225524.log,46,qwen2.5-coder:14b,positive_gen,averageSpeed,integer,int32,200,valid,
llm-communication-20260502-225524.log,46,qwen2.5-coder:14b,positive_gen,averageSpeed,integer,int32,220,valid,
llm-communication-20260502-225524.log,46,qwen2.5-coder:14b,positive_gen,averageSpeed,integer,int32,240,valid,
llm-communication-20260502-225524.log,46,qwen2.5-coder:14b,positive_gen,averageSpeed,integer,int32,260,valid,
llm-communication-20260502-225524.log,46,qwen2.5-coder:14b,positive_gen,averageSpeed,integer,int32,280,valid,
llm-communication-20260502-225524.log,46,qwen2.5-coder:14b,positive_gen,averageSpeed,integer,int32,300,valid,
llm-communication-20260502-225524.log,46,qwen2.5-coder:14b,positive_gen,averageSpeed,integer,int32,320,valid,
llm-communication-20260502-225524.log,46,qwen2.5-coder:14b,positive_gen,averageSpeed,integer,int32,340,valid,
llm-communication-20260502-225524.log,46,qwen2.5-coder:14b,positive_gen,averageSpeed,integer,int32,360,valid,
llm-communication-20260502-225524.log,47,qwen2.5-coder:14b,positive_gen,confortClass,integer,int32,1,valid,
llm-communication-20260502-225524.log,47,qwen2.5-coder:14b,positive_gen,confortClass,integer,int32,2,valid,
llm-communication-20260502-225524.log,47,qwen2.5-coder:14b,positive_gen,confortClass,integer,int32,3,valid,
llm-communication-20260502-225524.log,47,qwen2.5-coder:14b,positive_gen,confortClass,integer,int32,4,valid,
llm-communication-20260502-225524.log,47,qwen2.5-coder:14b,positive_gen,confortClass,integer,int32,5,valid,
llm-communication-20260502-225524.log,48,qwen2.5-coder:14b,positive_gen,confortClass,integer,int32,120,valid,
llm-communication-20260502-225524.log,48,qwen2.5-coder:14b,positive_gen,confortClass,integer,int32,130,valid,
llm-communication-20260502-225524.log,48,qwen2.5-coder:14b,positive_gen,confortClass,integer,int32,140,valid,
llm-communication-20260502-225524.log,48,qwen2.5-coder:14b,positive_gen,confortClass,integer,int32,150,valid,
llm-communication-20260502-225524.log,48,qwen2.5-coder:14b,positive_gen,confortClass,integer,int32,160,valid,
llm-communication-20260502-225524.log,48,qwen2.5-coder:14b,positive_gen,confortClass,integer,int32,170,valid,
llm-communication-20260502-225524.log,48,qwen2.5-coder:14b,positive_gen,confortClass,integer,int32,180,valid,
llm-communication-20260502-225524.log,48,qwen2.5-coder:14b,positive_gen,confortClass,integer,int32,190,valid,
llm-communication-20260502-225524.log,48,qwen2.5-coder:14b,positive_gen,confortClass,integer,int32,200,valid,
llm-communication-20260502-225524.log,48,qwen2.5-coder:14b,positive_gen,confortClass,integer,int32,210,valid,
llm-communication-20260502-225524.log,48,qwen2.5-coder:14b,positive_gen,confortClass,integer,int32,220,valid,
llm-communication-20260502-225524.log,48,qwen2.5-coder:14b,positive_gen,confortClass,integer,int32,230,valid,
llm-communication-20260502-225524.log,48,qwen2.5-coder:14b,positive_gen,confortClass,integer,int32,240,valid,
llm-communication-20260502-225524.log,48,qwen2.5-coder:14b,positive_gen,confortClass,integer,int32,250,valid,
llm-communication-20260502-225524.log,48,qwen2.5-coder:14b,positive_gen,confortClass,integer,int32,260,valid,
llm-communication-20260502-225524.log,49,qwen2.5-coder:14b,positive_gen,economyClass,integer,int32,120,valid,
llm-communication-20260502-225524.log,49,qwen2.5-coder:14b,positive_gen,economyClass,integer,int32,85,valid,
llm-communication-20260502-225524.log,49,qwen2.5-coder:14b,positive_gen,economyClass,integer,int32,100,valid,
llm-communication-20260502-225524.log,49,qwen2.5-coder:14b,positive_gen,economyClass,integer,int32,95,valid,
llm-communication-20260502-225524.log,49,qwen2.5-coder:14b,positive_gen,economyClass,integer,int32,75,valid,
llm-communication-20260502-225524.log,50,qwen2.5-coder:14b,positive_gen,economyClass,integer,int32,30,valid,
llm-communication-20260502-225524.log,50,qwen2.5-coder:14b,positive_gen,economyClass,integer,int32,45,valid,
llm-communication-20260502-225524.log,50,qwen2.5-coder:14b,positive_gen,economyClass,integer,int32,28,valid,
llm-communication-20260502-225524.log,50,qwen2.5-coder:14b,positive_gen,economyClass,integer,int32,60,valid,
llm-communication-20260502-225524.log,50,qwen2.5-coder:14b,positive_gen,economyClass,integer,int32,55,valid,
llm-communication-20260502-225524.log,50,qwen2.5-coder:14b,positive_gen,economyClass,integer,int32,72,valid,
llm-communication-20260502-225524.log,50,qwen2.5-coder:14b,positive_gen,economyClass,integer,int32,40,valid,
llm-communication-20260502-225524.log,50,qwen2.5-coder:14b,positive_gen,economyClass,integer,int32,80,valid,
llm-communication-20260502-225524.log,50,qwen2.5-coder:14b,positive_gen,economyClass,integer,int32,90,valid,
llm-communication-20260502-225524.log,50,qwen2.5-coder:14b,positive_gen,economyClass,integer,int32,35,valid,
llm-communication-20260502-225524.log,50,qwen2.5-coder:14b,positive_gen,economyClass,integer,int32,65,valid,
llm-communication-20260502-225524.log,50,qwen2.5-coder:14b,positive_gen,economyClass,integer,int32,25,valid,
llm-communication-20260502-225524.log,50,qwen2.5-coder:14b,positive_gen,economyClass,integer,int32,50,valid,
llm-communication-20260502-225524.log,50,qwen2.5-coder:14b,positive_gen,economyClass,integer,int32,75,valid,
llm-communication-20260502-225524.log,50,qwen2.5-coder:14b,positive_gen,economyClass,integer,int32,100,valid,
llm-communication-20260502-225524.log,53,qwen2.5-coder:14b,positive_gen,id,string,,train123,valid,
llm-communication-20260502-225524.log,53,qwen2.5-coder:14b,positive_gen,id,string,,train456,valid,
llm-communication-20260502-225524.log,53,qwen2.5-coder:14b,positive_gen,id,string,,train789,valid,
llm-communication-20260502-225524.log,53,qwen2.5-coder:14b,positive_gen,id,string,,train001,valid,
llm-communication-20260502-225524.log,53,qwen2.5-coder:14b,positive_gen,id,string,,train999,valid,
llm-communication-20260502-225524.log,54,qwen2.5-coder:14b,positive_gen,id,string,,train001,valid,
llm-communication-20260502-225524.log,54,qwen2.5-coder:14b,positive_gen,id,string,,train002,valid,
llm-communication-20260502-225524.log,54,qwen2.5-coder:14b,positive_gen,id,string,,train003,valid,
llm-communication-20260502-225524.log,54,qwen2.5-coder:14b,positive_gen,id,string,,train004,valid,
llm-communication-20260502-225524.log,54,qwen2.5-coder:14b,positive_gen,id,string,,train005,valid,
llm-communication-20260502-225524.log,54,qwen2.5-coder:14b,positive_gen,id,string,,train006,valid,
llm-communication-20260502-225524.log,54,qwen2.5-coder:14b,positive_gen,id,string,,train007,valid,
llm-communication-20260502-225524.log,54,qwen2.5-coder:14b,positive_gen,id,string,,train008,valid,
llm-communication-20260502-225524.log,54,qwen2.5-coder:14b,positive_gen,id,string,,train009,valid,
llm-communication-20260502-225524.log,54,qwen2.5-coder:14b,positive_gen,id,string,,train010,valid,
llm-communication-20260502-225524.log,54,qwen2.5-coder:14b,positive_gen,id,string,,train011,valid,
llm-communication-20260502-225524.log,54,qwen2.5-coder:14b,positive_gen,id,string,,train012,valid,
llm-communication-20260502-225524.log,54,qwen2.5-coder:14b,positive_gen,id,string,,train013,valid,
llm-communication-20260502-225524.log,55,qwen2.5-coder:14b,positive_gen,name,string,,Express Train,valid,
llm-communication-20260502-225524.log,55,qwen2.5-coder:14b,positive_gen,name,string,,City Limited,valid,
llm-communication-20260502-225524.log,55,qwen2.5-coder:14b,positive_gen,name,string,,High Speed Express,valid,
llm-communication-20260502-225524.log,55,qwen2.5-coder:14b,positive_gen,name,string,,Dawn Express,valid,
llm-communication-20260502-225524.log,55,qwen2.5-coder:14b,positive_gen,name,string,,Sunset Express,valid,
llm-communication-20260502-225524.log,56,qwen2.5-coder:14b,positive_gen,name,string,,Express Train,valid,
llm-communication-20260502-225524.log,56,qwen2.5-coder:14b,positive_gen,name,string,,Luxury Express,valid,
llm-communication-20260502-225524.log,56,qwen2.5-coder:14b,positive_gen,name,string,,Speedy Express,valid,
llm-communication-20260502-225524.log,56,qwen2.5-coder:14b,positive_gen,name,string,,Comfort Train,valid,
llm-communication-20260502-225524.log,56,qwen2.5-coder:14b,positive_gen,name,string,,Economy Train,valid,
llm-communication-20260502-225524.log,56,qwen2.5-coder:14b,positive_gen,name,string,,Fast Track,valid,
llm-communication-20260502-225524.log,56,qwen2.5-coder:14b,positive_gen,name,string,,Silver Bullet,valid,
llm-communication-20260502-225524.log,56,qwen2.5-coder:14b,positive_gen,name,string,,Golden Arrow,valid,
llm-communication-20260502-225524.log,56,qwen2.5-coder:14b,positive_gen,name,string,,Red Line Express,valid,
llm-communication-20260502-225524.log,56,qwen2.5-coder:14b,positive_gen,name,string,,Blue Comet,valid,
llm-communication-20260502-225524.log,56,qwen2.5-coder:14b,positive_gen,name,string,,Green Thistle,valid,
llm-communication-20260502-225524.log,56,qwen2.5-coder:14b,positive_gen,name,string,,Black Hawk,valid,
llm-communication-20260502-225524.log,56,qwen2.5-coder:14b,positive_gen,name,string,,White Knight,valid,
llm-communication-20260502-225524.log,56,qwen2.5-coder:14b,positive_gen,name,string,,Yellow Star,valid,
llm-communication-20260502-225524.log,56,qwen2.5-coder:14b,positive_gen,name,string,,Purple Wave,valid,
llm-communication-20260502-225524.log,60,qwen2.5-coder:14b,positive_gen,accountId,string,,user12345,valid,
llm-communication-20260502-225524.log,60,qwen2.5-coder:14b,positive_gen,accountId,string,,adminUser789,valid,
llm-communication-20260502-225524.log,60,qwen2.5-coder:14b,positive_gen,accountId,string,,customer_001,valid,
llm-communication-20260502-225524.log,60,qwen2.5-coder:14b,positive_gen,accountId,string,,account9999,valid,
llm-communication-20260502-225524.log,60,qwen2.5-coder:14b,positive_gen,accountId,string,,user_admin,valid,
llm-communication-20260502-225524.log,61,qwen2.5-coder:14b,positive_gen,accountId,string,,1234567890,valid,
llm-communication-20260502-225524.log,61,qwen2.5-coder:14b,positive_gen,accountId,string,,A1B2C3D4E5,valid,
llm-communication-20260502-225524.log,61,qwen2.5-coder:14b,positive_gen,accountId,string,,user_007,valid,
llm-communication-20260502-225524.log,61,qwen2.5-coder:14b,positive_gen,accountId,string,,admin123,valid,
llm-communication-20260502-225524.log,61,qwen2.5-coder:14b,positive_gen,accountId,string,,customer_999,valid,
llm-communication-20260502-225524.log,61,qwen2.5-coder:14b,positive_gen,accountId,string,,coach_101,valid,
llm-communication-20260502-225524.log,61,qwen2.5-coder:14b,positive_gen,accountId,string,,order_2026,valid,
llm-communication-20260502-225524.log,61,qwen2.5-coder:14b,positive_gen,accountId,string,,train_0001,valid,
llm-communication-20260502-225524.log,61,qwen2.5-coder:14b,positive_gen,accountId,string,,account_54321,valid,
llm-communication-20260502-225524.log,62,qwen2.5-coder:14b,positive_gen,boughtDate,string,,2026-05-03T10:59:56Z,valid,
llm-communication-20260502-225524.log,62,qwen2.5-coder:14b,positive_gen,boughtDate,string,,2026-05-04T10:59:56Z,valid,
llm-communication-20260502-225524.log,62,qwen2.5-coder:14b,positive_gen,boughtDate,string,,2026-05-05T10:59:56Z,valid,
llm-communication-20260502-225524.log,62,qwen2.5-coder:14b,positive_gen,boughtDate,string,,2026-05-06T10:59:56Z,valid,
llm-communication-20260502-225524.log,62,qwen2.5-coder:14b,positive_gen,boughtDate,string,,2026-05-07T10:59:56Z,valid,
llm-communication-20260502-225524.log,63,qwen2.5-coder:14b,positive_gen,boughtDate,string,,2026-05-03T23:00:02Z,valid,
llm-communication-20260502-225524.log,63,qwen2.5-coder:14b,positive_gen,boughtDate,string,,2026-05-04T23:00:02Z,valid,
llm-communication-20260502-225524.log,63,qwen2.5-coder:14b,positive_gen,boughtDate,string,,2026-05-05T23:00:02Z,valid,
llm-communication-20260502-225524.log,63,qwen2.5-coder:14b,positive_gen,boughtDate,string,,2026-05-06T23:00:02Z,valid,
llm-communication-20260502-225524.log,63,qwen2.5-coder:14b,positive_gen,boughtDate,string,,2026-05-07T23:00:02Z,valid,
llm-communication-20260502-225524.log,63,qwen2.5-coder:14b,positive_gen,boughtDate,string,,2026-05-08T23:00:02Z,valid,
llm-communication-20260502-225524.log,63,qwen2.5-coder:14b,positive_gen,boughtDate,string,,2026-05-09T23:00:02Z,valid,
llm-communication-20260502-225524.log,63,qwen2.5-coder:14b,positive_gen,boughtDate,string,,2026-05-10T23:00:02Z,valid,
llm-communication-20260502-225524.log,63,qwen2.5-coder:14b,positive_gen,boughtDate,string,,2026-05-11T23:00:02Z,valid,
llm-communication-20260502-225524.log,63,qwen2.5-coder:14b,positive_gen,boughtDate,string,,2026-05-12T23:00:02Z,valid,
llm-communication-20260502-225524.log,63,qwen2.5-coder:14b,positive_gen,boughtDate,string,,2026-05-13T23:00:02Z,valid,
llm-communication-20260502-225524.log,66,qwen2.5-coder:14b,simple_gen,coachNumber,integer,,456,valid,
llm-communication-20260502-225524.log,68,qwen2.5-coder:14b,diverse_gen,coachNumber,integer,,789,valid,
llm-communication-20260502-225524.log,68,qwen2.5-coder:14b,diverse_gen,coachNumber,integer,,123,valid,
llm-communication-20260502-225524.log,68,qwen2.5-coder:14b,diverse_gen,coachNumber,integer,,890,valid,
llm-communication-20260502-225524.log,68,qwen2.5-coder:14b,diverse_gen,coachNumber,integer,,567,valid,
llm-communication-20260502-225524.log,68,qwen2.5-coder:14b,diverse_gen,coachNumber,integer,,234,valid,
llm-communication-20260502-225524.log,68,qwen2.5-coder:14b,diverse_gen,coachNumber,integer,,678,valid,
llm-communication-20260502-225524.log,68,qwen2.5-coder:14b,diverse_gen,coachNumber,integer,,345,valid,
llm-communication-20260502-225524.log,68,qwen2.5-coder:14b,diverse_gen,coachNumber,integer,,901,valid,
llm-communication-20260502-225524.log,68,qwen2.5-coder:14b,diverse_gen,coachNumber,integer,,457,valid,
llm-communication-20260502-225524.log,69,qwen2.5-coder:14b,positive_gen,coachNumber,integer,int32,10,valid,
llm-communication-20260502-225524.log,69,qwen2.5-coder:14b,positive_gen,coachNumber,integer,int32,23,valid,
llm-communication-20260502-225524.log,69,qwen2.5-coder:14b,positive_gen,coachNumber,integer,int32,45,valid,
llm-communication-20260502-225524.log,69,qwen2.5-coder:14b,positive_gen,coachNumber,integer,int32,67,valid,
llm-communication-20260502-225524.log,69,qwen2.5-coder:14b,positive_gen,coachNumber,integer,int32,89,valid,
llm-communication-20260502-225524.log,70,qwen2.5-coder:14b,positive_gen,coachNumber,integer,int32,101,valid,
llm-communication-20260502-225524.log,70,qwen2.5-coder:14b,positive_gen,coachNumber,integer,int32,203,valid,
llm-communication-20260502-225524.log,70,qwen2.5-coder:14b,positive_gen,coachNumber,integer,int32,305,valid,
llm-communication-20260502-225524.log,70,qwen2.5-coder:14b,positive_gen,coachNumber,integer,int32,407,valid,
llm-communication-20260502-225524.log,70,qwen2.5-coder:14b,positive_gen,coachNumber,integer,int32,509,valid,
llm-communication-20260502-225524.log,70,qwen2.5-coder:14b,positive_gen,coachNumber,integer,int32,611,valid,
llm-communication-20260502-225524.log,70,qwen2.5-coder:14b,positive_gen,coachNumber,integer,int32,713,valid,
llm-communication-20260502-225524.log,71,qwen2.5-coder:14b,positive_gen,contactsDocumentNumber,string,,1234567890,valid,
llm-communication-20260502-225524.log,71,qwen2.5-coder:14b,positive_gen,contactsDocumentNumber,string,,9876543210,valid,
llm-communication-20260502-225524.log,71,qwen2.5-coder:14b,positive_gen,contactsDocumentNumber,string,,4567891230,valid,
llm-communication-20260502-225524.log,71,qwen2.5-coder:14b,positive_gen,contactsDocumentNumber,string,,7891234560,valid,
llm-communication-20260502-225524.log,71,qwen2.5-coder:14b,positive_gen,contactsDocumentNumber,string,,2345678910,valid,
llm-communication-20260502-225524.log,72,qwen2.5-coder:14b,positive_gen,contactsDocumentNumber,string,,4567891234567890,valid,
llm-communication-20260502-225524.log,72,qwen2.5-coder:14b,positive_gen,contactsDocumentNumber,string,,1234567890123456,valid,
llm-communication-20260502-225524.log,72,qwen2.5-coder:14b,positive_gen,contactsDocumentNumber,string,,9876543210987654,valid,
llm-communication-20260502-225524.log,72,qwen2.5-coder:14b,positive_gen,contactsDocumentNumber,string,,5678943210123456,valid,
llm-communication-20260502-225524.log,72,qwen2.5-coder:14b,positive_gen,contactsDocumentNumber,string,,2345678901234567,valid,
llm-communication-20260502-225524.log,72,qwen2.5-coder:14b,positive_gen,contactsDocumentNumber,string,,7890123456789012,valid,
llm-communication-20260502-225524.log,72,qwen2.5-coder:14b,positive_gen,contactsDocumentNumber,string,,3456789012345678,valid,
llm-communication-20260502-225524.log,72,qwen2.5-coder:14b,positive_gen,contactsDocumentNumber,string,,6789012345678901,valid,
llm-communication-20260502-225524.log,72,qwen2.5-coder:14b,positive_gen,contactsDocumentNumber,string,,8901234567890123,valid,
llm-communication-20260502-225524.log,72,qwen2.5-coder:14b,positive_gen,contactsDocumentNumber,string,,4321098765432109,valid,
llm-communication-20260502-225524.log,75,qwen2.5-coder:14b,simple_gen,contactsName,string,,Alice Smith,valid,
llm-communication-20260502-225524.log,77,qwen2.5-coder:14b,diverse_gen,contactsName,string,,Bob Johnson,valid,
llm-communication-20260502-225524.log,77,qwen2.5-coder:14b,diverse_gen,contactsName,string,,Charlie Brown,valid,
llm-communication-20260502-225524.log,77,qwen2.5-coder:14b,diverse_gen,contactsName,string,,David Wilson,valid,
llm-communication-20260502-225524.log,77,qwen2.5-coder:14b,diverse_gen,contactsName,string,,Eve Davis,valid,
llm-communication-20260502-225524.log,77,qwen2.5-coder:14b,diverse_gen,contactsName,string,,Franklin Stone,valid,
llm-communication-20260502-225524.log,77,qwen2.5-coder:14b,diverse_gen,contactsName,string,,Grace Lee,valid,
llm-communication-20260502-225524.log,77,qwen2.5-coder:14b,diverse_gen,contactsName,string,,Hannah Green,valid,
llm-communication-20260502-225524.log,77,qwen2.5-coder:14b,diverse_gen,contactsName,string,,Isaac White,valid,
llm-communication-20260502-225524.log,77,qwen2.5-coder:14b,diverse_gen,contactsName,string,,Jack Black,valid,
llm-communication-20260502-225524.log,78,qwen2.5-coder:14b,positive_gen,contactsName,string,,John Doe,valid,
llm-communication-20260502-225524.log,78,qwen2.5-coder:14b,positive_gen,contactsName,string,,Jane Smith,valid,
llm-communication-20260502-225524.log,78,qwen2.5-coder:14b,positive_gen,contactsName,string,,Emily Johnson,valid,
llm-communication-20260502-225524.log,78,qwen2.5-coder:14b,positive_gen,contactsName,string,,Michael Brown,valid,
llm-communication-20260502-225524.log,78,qwen2.5-coder:14b,positive_gen,contactsName,string,,Sarah Davis,valid,
llm-communication-20260502-225524.log,79,qwen2.5-coder:14b,positive_gen,contactsName,string,,John Doe,valid,
llm-communication-20260502-225524.log,79,qwen2.5-coder:14b,positive_gen,contactsName,string,,Jane Smith,valid,
llm-communication-20260502-225524.log,79,qwen2.5-coder:14b,positive_gen,contactsName,string,,Emily Johnson,valid,
llm-communication-20260502-225524.log,79,qwen2.5-coder:14b,positive_gen,contactsName,string,,Michael Brown,valid,
llm-communication-20260502-225524.log,79,qwen2.5-coder:14b,positive_gen,contactsName,string,,Sarah Davis,valid,
llm-communication-20260502-225524.log,79,qwen2.5-coder:14b,positive_gen,contactsName,string,,David Wilson,valid,
llm-communication-20260502-225524.log,79,qwen2.5-coder:14b,positive_gen,contactsName,string,,Linda Taylor,valid,
llm-communication-20260502-225524.log,79,qwen2.5-coder:14b,positive_gen,contactsName,string,,Christopher Anderson,valid,
llm-communication-20260502-225524.log,80,qwen2.5-coder:14b,positive_gen,differenceMoney,string,,0.00,valid,
llm-communication-20260502-225524.log,80,qwen2.5-coder:14b,positive_gen,differenceMoney,string,,-12.99,valid,
llm-communication-20260502-225524.log,80,qwen2.5-coder:14b,positive_gen,differenceMoney,string,,5.75,valid,
llm-communication-20260502-225524.log,80,qwen2.5-coder:14b,positive_gen,differenceMoney,string,,34.99,valid,
llm-communication-20260502-225524.log,80,qwen2.5-coder:14b,positive_gen,differenceMoney,string,,-89.30,valid,
llm-communication-20260502-225524.log,81,qwen2.5-coder:14b,positive_gen,differenceMoney,string,,$25.00,valid,
llm-communication-20260502-225524.log,81,qwen2.5-coder:14b,positive_gen,differenceMoney,string,,$0.00,valid,
llm-communication-20260502-225524.log,81,qwen2.5-coder:14b,positive_gen,differenceMoney,string,,$100.00,valid,
llm-communication-20260502-225524.log,81,qwen2.5-coder:14b,positive_gen,differenceMoney,string,,$45.75,valid,
llm-communication-20260502-225524.log,81,qwen2.5-coder:14b,positive_gen,differenceMoney,string,,$99.99,valid,
llm-communication-20260502-225524.log,81,qwen2.5-coder:14b,positive_gen,differenceMoney,string,,$20.50,valid,
llm-communication-20260502-225524.log,81,qwen2.5-coder:14b,positive_gen,differenceMoney,string,,$30.00,valid,
llm-communication-20260502-225524.log,81,qwen2.5-coder:14b,positive_gen,differenceMoney,string,,$75.25,valid,
llm-communication-20260502-225524.log,81,qwen2.5-coder:14b,positive_gen,differenceMoney,string,,$60.00,valid,
llm-communication-20260502-225524.log,81,qwen2.5-coder:14b,positive_gen,differenceMoney,string,,$80.00,valid,
llm-communication-20260502-225524.log,82,qwen2.5-coder:14b,positive_gen,documentType,integer,int32,1234,valid,
llm-communication-20260502-225524.log,82,qwen2.5-coder:14b,positive_gen,documentType,integer,int32,5678,valid,
llm-communication-20260502-225524.log,82,qwen2.5-coder:14b,positive_gen,documentType,integer,int32,91011,valid,
llm-communication-20260502-225524.log,82,qwen2.5-coder:14b,positive_gen,documentType,integer,int32,121314,valid,
llm-communication-20260502-225524.log,82,qwen2.5-coder:14b,positive_gen,documentType,integer,int32,151617,valid,
llm-communication-20260502-225524.log,83,qwen2.5-coder:14b,positive_gen,documentType,integer,int32,101,valid,
llm-communication-20260502-225524.log,83,qwen2.5-coder:14b,positive_gen,documentType,integer,int32,202,valid,
llm-communication-20260502-225524.log,83,qwen2.5-coder:14b,positive_gen,documentType,integer,int32,303,valid,
llm-communication-20260502-225524.log,83,qwen2.5-coder:14b,positive_gen,documentType,integer,int32,404,valid,
llm-communication-20260502-225524.log,83,qwen2.5-coder:14b,positive_gen,documentType,integer,int32,505,valid,
llm-communication-20260502-225524.log,83,qwen2.5-coder:14b,positive_gen,documentType,integer,int32,606,valid,
llm-communication-20260502-225524.log,83,qwen2.5-coder:14b,positive_gen,documentType,integer,int32,707,valid,
llm-communication-20260502-225524.log,83,qwen2.5-coder:14b,positive_gen,documentType,integer,int32,808,valid,
llm-communication-20260502-225524.log,83,qwen2.5-coder:14b,positive_gen,documentType,integer,int32,909,valid,
llm-communication-20260502-225524.log,83,qwen2.5-coder:14b,positive_gen,documentType,integer,int32,1010,valid,
llm-communication-20260502-225524.log,83,qwen2.5-coder:14b,positive_gen,documentType,integer,int32,1111,valid,
llm-communication-20260502-225524.log,83,qwen2.5-coder:14b,positive_gen,documentType,integer,int32,1212,valid,
llm-communication-20260502-225524.log,83,qwen2.5-coder:14b,positive_gen,documentType,integer,int32,1313,valid,
llm-communication-20260502-225524.log,86,qwen2.5-coder:14b,diverse_gen,from,string,,,abstained,abstained: LLM emitted no value
llm-communication-20260502-225524.log,87,qwen2.5-coder:14b,positive_gen,from,string,,New York City,valid,
llm-communication-20260502-225524.log,87,qwen2.5-coder:14b,positive_gen,from,string,,Los Angeles,valid,
llm-communication-20260502-225524.log,87,qwen2.5-coder:14b,positive_gen,from,string,,Chicago,valid,
llm-communication-20260502-225524.log,87,qwen2.5-coder:14b,positive_gen,from,string,,Houston,valid,
llm-communication-20260502-225524.log,87,qwen2.5-coder:14b,positive_gen,from,string,,Phoenix,valid,
llm-communication-20260502-225524.log,88,qwen2.5-coder:14b,positive_gen,from,string,,Chicago,valid,
llm-communication-20260502-225524.log,88,qwen2.5-coder:14b,positive_gen,from,string,,New York,valid,
llm-communication-20260502-225524.log,88,qwen2.5-coder:14b,positive_gen,from,string,,Los Angeles,valid,
llm-communication-20260502-225524.log,88,qwen2.5-coder:14b,positive_gen,from,string,,Houston,valid,
llm-communication-20260502-225524.log,88,qwen2.5-coder:14b,positive_gen,from,string,,Phoenix,valid,
llm-communication-20260502-225524.log,88,qwen2.5-coder:14b,positive_gen,from,string,,Philadelphia,valid,
llm-communication-20260502-225524.log,88,qwen2.5-coder:14b,positive_gen,from,string,,San Antonio,valid,
llm-communication-20260502-225524.log,88,qwen2.5-coder:14b,positive_gen,from,string,,San Diego,valid,
llm-communication-20260502-225524.log,88,qwen2.5-coder:14b,positive_gen,from,string,,Dallas,valid,
llm-communication-20260502-225524.log,88,qwen2.5-coder:14b,positive_gen,from,string,,San Jose,valid,
llm-communication-20260502-225524.log,88,qwen2.5-coder:14b,positive_gen,from,string,,Austin,valid,
llm-communication-20260502-225524.log,88,qwen2.5-coder:14b,positive_gen,from,string,,Jacksonville,valid,
llm-communication-20260502-225524.log,89,qwen2.5-coder:14b,positive_gen,price,string,,123.45,valid,
llm-communication-20260502-225524.log,89,qwen2.5-coder:14b,positive_gen,price,string,,789.00,valid,
llm-communication-20260502-225524.log,89,qwen2.5-coder:14b,positive_gen,price,string,,456.78,valid,
llm-communication-20260502-225524.log,89,qwen2.5-coder:14b,positive_gen,price,string,,321.09,valid,
llm-communication-20260502-225524.log,89,qwen2.5-coder:14b,positive_gen,price,string,,678.90,valid,
llm-communication-20260502-225524.log,90,qwen2.5-coder:14b,positive_gen,price,string,,$25.99,valid,
llm-communication-20260502-225524.log,90,qwen2.5-coder:14b,positive_gen,price,string,,$49.99,valid,
llm-communication-20260502-225524.log,90,qwen2.5-coder:14b,positive_gen,price,string,,$75.00,valid,
llm-communication-20260502-225524.log,90,qwen2.5-coder:14b,positive_gen,price,string,,$100.50,valid,
llm-communication-20260502-225524.log,90,qwen2.5-coder:14b,positive_gen,price,string,,$150.00,valid,
llm-communication-20260502-225524.log,90,qwen2.5-coder:14b,positive_gen,price,string,,$200.75,valid,
llm-communication-20260502-225524.log,90,qwen2.5-coder:14b,positive_gen,price,string,,$300.00,valid,
llm-communication-20260502-225524.log,90,qwen2.5-coder:14b,positive_gen,price,string,,$400.50,valid,
llm-communication-20260502-225524.log,90,qwen2.5-coder:14b,positive_gen,price,string,,$500.00,valid,
llm-communication-20260502-225524.log,90,qwen2.5-coder:14b,positive_gen,price,string,,$600.25,valid,
llm-communication-20260502-225524.log,90,qwen2.5-coder:14b,positive_gen,price,string,,$800.00,valid,
llm-communication-20260502-225524.log,93,qwen2.5-coder:14b,diverse_gen,seatClass,integer,,,abstained,abstained: LLM emitted no value
llm-communication-20260502-225524.log,94,qwen2.5-coder:14b,positive_gen,seatClass,integer,int32,1,valid,
llm-communication-20260502-225524.log,94,qwen2.5-coder:14b,positive_gen,seatClass,integer,int32,2,valid,
llm-communication-20260502-225524.log,94,qwen2.5-coder:14b,positive_gen,seatClass,integer,int32,3,valid,
llm-communication-20260502-225524.log,94,qwen2.5-coder:14b,positive_gen,seatClass,integer,int32,4,valid,
llm-communication-20260502-225524.log,94,qwen2.5-coder:14b,positive_gen,seatClass,integer,int32,5,valid,
llm-communication-20260502-225524.log,95,qwen2.5-coder:14b,positive_gen,seatClass,integer,int32,1,valid,
llm-communication-20260502-225524.log,95,qwen2.5-coder:14b,positive_gen,seatClass,integer,int32,2,valid,
llm-communication-20260502-225524.log,95,qwen2.5-coder:14b,positive_gen,seatClass,integer,int32,3,valid,
llm-communication-20260502-225524.log,95,qwen2.5-coder:14b,positive_gen,seatClass,integer,int32,4,valid,
llm-communication-20260502-225524.log,95,qwen2.5-coder:14b,positive_gen,seatClass,integer,int32,5,valid,
llm-communication-20260502-225524.log,95,qwen2.5-coder:14b,positive_gen,seatClass,integer,int32,6,valid,
llm-communication-20260502-225524.log,95,qwen2.5-coder:14b,positive_gen,seatClass,integer,int32,7,valid,
llm-communication-20260502-225524.log,95,qwen2.5-coder:14b,positive_gen,seatClass,integer,int32,8,valid,
llm-communication-20260502-225524.log,95,qwen2.5-coder:14b,positive_gen,seatClass,integer,int32,9,valid,
llm-communication-20260502-225524.log,98,qwen2.5-coder:14b,diverse_gen,seatNumber,string,,FirstClass-42,valid,
llm-communication-20260502-225524.log,98,qwen2.5-coder:14b,diverse_gen,seatNumber,string,,BusinessClass-15,valid,
llm-communication-20260502-225524.log,98,qwen2.5-coder:14b,diverse_gen,seatNumber,string,,EconomyClass-100,valid,
llm-communication-20260502-225524.log,98,qwen2.5-coder:14b,diverse_gen,seatNumber,string,,PremiumEconomy-23,valid,
llm-communication-20260502-225524.log,98,qwen2.5-coder:14b,diverse_gen,seatNumber,string,,FirstAisle-7,valid,
llm-communication-20260502-225524.log,98,qwen2.5-coder:14b,diverse_gen,seatNumber,string,,OQetpSMGlVWXWhRbFxRonviFuCDg37Og3,valid,
llm-communication-20260502-225524.log,98,qwen2.5-coder:14b,diverse_gen,seatNumber,string,,FirstWindow-9,valid,
llm-communication-20260502-225524.log,98,qwen2.5-coder:14b,diverse_gen,seatNumber,string,,BusinessMiddle-8,valid,
llm-communication-20260502-225524.log,99,qwen2.5-coder:14b,positive_gen,seatNumber,string,,12A,valid,
llm-communication-20260502-225524.log,99,qwen2.5-coder:14b,positive_gen,seatNumber,string,,34B,valid,
llm-communication-20260502-225524.log,99,qwen2.5-coder:14b,positive_gen,seatNumber,string,,56C,valid,
llm-communication-20260502-225524.log,99,qwen2.5-coder:14b,positive_gen,seatNumber,string,,78D,valid,
llm-communication-20260502-225524.log,99,qwen2.5-coder:14b,positive_gen,seatNumber,string,,90E,valid,
llm-communication-20260502-225524.log,100,qwen2.5-coder:14b,positive_gen,seatNumber,string,,A12,valid,
llm-communication-20260502-225524.log,100,qwen2.5-coder:14b,positive_gen,seatNumber,string,,B34,valid,
llm-communication-20260502-225524.log,100,qwen2.5-coder:14b,positive_gen,seatNumber,string,,C56,valid,
llm-communication-20260502-225524.log,100,qwen2.5-coder:14b,positive_gen,seatNumber,string,,D78,valid,
llm-communication-20260502-225524.log,100,qwen2.5-coder:14b,positive_gen,seatNumber,string,,E90,valid,
llm-communication-20260502-225524.log,100,qwen2.5-coder:14b,positive_gen,seatNumber,string,,F11,valid,
llm-communication-20260502-225524.log,100,qwen2.5-coder:14b,positive_gen,seatNumber,string,,G13,valid,
llm-communication-20260502-225524.log,101,qwen2.5-coder:14b,positive_gen,status,integer,int32,10,valid,
llm-communication-20260502-225524.log,101,qwen2.5-coder:14b,positive_gen,status,integer,int32,20,valid,
llm-communication-20260502-225524.log,101,qwen2.5-coder:14b,positive_gen,status,integer,int32,30,valid,
llm-communication-20260502-225524.log,101,qwen2.5-coder:14b,positive_gen,status,integer,int32,40,valid,
llm-communication-20260502-225524.log,101,qwen2.5-coder:14b,positive_gen,status,integer,int32,50,valid,
llm-communication-20260502-225524.log,102,qwen2.5-coder:14b,positive_gen,status,integer,int32,0,valid,
llm-communication-20260502-225524.log,102,qwen2.5-coder:14b,positive_gen,status,integer,int32,1,valid,
llm-communication-20260502-225524.log,102,qwen2.5-coder:14b,positive_gen,status,integer,int32,2,valid,
llm-communication-20260502-225524.log,102,qwen2.5-coder:14b,positive_gen,status,integer,int32,3,valid,
llm-communication-20260502-225524.log,102,qwen2.5-coder:14b,positive_gen,status,integer,int32,4,valid,
llm-communication-20260502-225524.log,102,qwen2.5-coder:14b,positive_gen,status,integer,int32,5,valid,
llm-communication-20260502-225524.log,102,qwen2.5-coder:14b,positive_gen,status,integer,int32,6,valid,
llm-communication-20260502-225524.log,102,qwen2.5-coder:14b,positive_gen,status,integer,int32,7,valid,
llm-communication-20260502-225524.log,102,qwen2.5-coder:14b,positive_gen,status,integer,int32,8,valid,
llm-communication-20260502-225524.log,102,qwen2.5-coder:14b,positive_gen,status,integer,int32,9,valid,
llm-communication-20260502-225524.log,102,qwen2.5-coder:14b,positive_gen,status,integer,int32,10,valid,
llm-communication-20260502-225524.log,103,qwen2.5-coder:14b,positive_gen,to,string,,"Chicago, IL",valid,
llm-communication-20260502-225524.log,103,qwen2.5-coder:14b,positive_gen,to,string,,"New York City, NY",valid,
llm-communication-20260502-225524.log,103,qwen2.5-coder:14b,positive_gen,to,string,,"Los Angeles, CA",valid,
llm-communication-20260502-225524.log,103,qwen2.5-coder:14b,positive_gen,to,string,,"Miami, FL",valid,
llm-communication-20260502-225524.log,103,qwen2.5-coder:14b,positive_gen,to,string,,"Seattle, WA",valid,
llm-communication-20260502-225524.log,104,qwen2.5-coder:14b,positive_gen,to,string,,"New York, NY",valid,
llm-communication-20260502-225524.log,104,qwen2.5-coder:14b,positive_gen,to,string,,"Los Angeles, CA",valid,
llm-communication-20260502-225524.log,104,qwen2.5-coder:14b,positive_gen,to,string,,"Chicago, IL",valid,
llm-communication-20260502-225524.log,104,qwen2.5-coder:14b,positive_gen,to,string,,"Houston, TX",valid,
llm-communication-20260502-225524.log,104,qwen2.5-coder:14b,positive_gen,to,string,,"Phoenix, AZ",valid,
llm-communication-20260502-225524.log,104,qwen2.5-coder:14b,positive_gen,to,string,,"Philadelphia, PA",valid,
llm-communication-20260502-225524.log,104,qwen2.5-coder:14b,positive_gen,to,string,,"San Antonio, TX",valid,
llm-communication-20260502-225524.log,104,qwen2.5-coder:14b,positive_gen,to,string,,"San Diego, CA",valid,
llm-communication-20260502-225524.log,104,qwen2.5-coder:14b,positive_gen,to,string,,"Dallas, TX",valid,
llm-communication-20260502-225524.log,104,qwen2.5-coder:14b,positive_gen,to,string,,"San Jose, CA",valid,
llm-communication-20260502-225524.log,105,qwen2.5-coder:14b,positive_gen,trainNumber,string,,TrainA123,valid,
llm-communication-20260502-225524.log,105,qwen2.5-coder:14b,positive_gen,trainNumber,string,,TrainB456,valid,
llm-communication-20260502-225524.log,105,qwen2.5-coder:14b,positive_gen,trainNumber,string,,TrainC789,valid,
llm-communication-20260502-225524.log,105,qwen2.5-coder:14b,positive_gen,trainNumber,string,,TrainD012,valid,
llm-communication-20260502-225524.log,105,qwen2.5-coder:14b,positive_gen,trainNumber,string,,TrainE345,valid,
llm-communication-20260502-225524.log,106,qwen2.5-coder:14b,positive_gen,trainNumber,string,,A001,valid,
llm-communication-20260502-225524.log,106,qwen2.5-coder:14b,positive_gen,trainNumber,string,,B023,valid,
llm-communication-20260502-225524.log,106,qwen2.5-coder:14b,positive_gen,trainNumber,string,,C456,valid,
llm-communication-20260502-225524.log,106,qwen2.5-coder:14b,positive_gen,trainNumber,string,,D789,valid,
llm-communication-20260502-225524.log,106,qwen2.5-coder:14b,positive_gen,trainNumber,string,,E123,valid,
llm-communication-20260502-225524.log,106,qwen2.5-coder:14b,positive_gen,trainNumber,string,,F456,valid,
llm-communication-20260502-225524.log,106,qwen2.5-coder:14b,positive_gen,trainNumber,string,,G789,valid,
llm-communication-20260502-225524.log,106,qwen2.5-coder:14b,positive_gen,trainNumber,string,,H012,valid,
llm-communication-20260502-225524.log,106,qwen2.5-coder:14b,positive_gen,trainNumber,string,,I345,valid,
llm-communication-20260502-225524.log,106,qwen2.5-coder:14b,positive_gen,trainNumber,string,,J678,valid,
llm-communication-20260502-225524.log,107,qwen2.5-coder:14b,positive_gen,travelDate,string,,2026-05-03,valid,
llm-communication-20260502-225524.log,107,qwen2.5-coder:14b,positive_gen,travelDate,string,,2026-05-04,valid,
llm-communication-20260502-225524.log,107,qwen2.5-coder:14b,positive_gen,travelDate,string,,2026-05-05,valid,
llm-communication-20260502-225524.log,107,qwen2.5-coder:14b,positive_gen,travelDate,string,,2026-05-06,valid,
llm-communication-20260502-225524.log,107,qwen2.5-coder:14b,positive_gen,travelDate,string,,2026-05-07,valid,
llm-communication-20260502-225524.log,108,qwen2.5-coder:14b,positive_gen,travelDate,string,,2026-05-03,valid,
llm-communication-20260502-225524.log,108,qwen2.5-coder:14b,positive_gen,travelDate,string,,2026-05-04,valid,
llm-communication-20260502-225524.log,108,qwen2.5-coder:14b,positive_gen,travelDate,string,,2026-05-05,valid,
llm-communication-20260502-225524.log,108,qwen2.5-coder:14b,positive_gen,travelDate,string,,2026-05-06,valid,
llm-communication-20260502-225524.log,108,qwen2.5-coder:14b,positive_gen,travelDate,string,,2026-05-07,valid,
llm-communication-20260502-225524.log,108,qwen2.5-coder:14b,positive_gen,travelDate,string,,2026-05-08,valid,
llm-communication-20260502-225524.log,108,qwen2.5-coder:14b,positive_gen,travelDate,string,,2026-05-09,valid,
llm-communication-20260502-225524.log,108,qwen2.5-coder:14b,positive_gen,travelDate,string,,2026-05-10,valid,
llm-communication-20260502-225524.log,108,qwen2.5-coder:14b,positive_gen,travelDate,string,,2026-05-11,valid,
llm-communication-20260502-225524.log,108,qwen2.5-coder:14b,positive_gen,travelDate,string,,2026-05-12,valid,
llm-communication-20260502-225524.log,108,qwen2.5-coder:14b,positive_gen,travelDate,string,,2026-05-13,valid,
llm-communication-20260502-225524.log,111,qwen2.5-coder:14b,simple_gen,travelTime,string,,,abstained,abstained: LLM emitted no value
llm-communication-20260502-225524.log,113,qwen2.5-coder:14b,diverse_gen,travelTime,string,,,abstained,abstained: LLM emitted no value
llm-communication-20260502-225524.log,114,qwen2.5-coder:14b,positive_gen,travelTime,string,,09:15 AM,valid,
llm-communication-20260502-225524.log,114,qwen2.5-coder:14b,positive_gen,travelTime,string,,03:45 PM,valid,
llm-communication-20260502-225524.log,114,qwen2.5-coder:14b,positive_gen,travelTime,string,,07:30 PM,valid,
llm-communication-20260502-225524.log,114,qwen2.5-coder:14b,positive_gen,travelTime,string,,12:00 AM,valid,
llm-communication-20260502-225524.log,114,qwen2.5-coder:14b,positive_gen,travelTime,string,,06:25 PM,valid,
llm-communication-20260502-225524.log,115,qwen2.5-coder:14b,positive_gen,travelTime,string,,08:45 AM,valid,
llm-communication-20260502-225524.log,115,qwen2.5-coder:14b,positive_gen,travelTime,string,,09:30 AM,valid,
llm-communication-20260502-225524.log,115,qwen2.5-coder:14b,positive_gen,travelTime,string,,10:15 AM,valid,
llm-communication-20260502-225524.log,115,qwen2.5-coder:14b,positive_gen,travelTime,string,,11:00 AM,valid,
llm-communication-20260502-225524.log,115,qwen2.5-coder:14b,positive_gen,travelTime,string,,11:45 AM,valid,
llm-communication-20260502-225524.log,115,qwen2.5-coder:14b,positive_gen,travelTime,string,,12:30 PM,valid,
llm-communication-20260502-225524.log,115,qwen2.5-coder:14b,positive_gen,travelTime,string,,01:15 PM,valid,
llm-communication-20260502-225524.log,115,qwen2.5-coder:14b,positive_gen,travelTime,string,,02:00 PM,valid,
llm-communication-20260502-225524.log,115,qwen2.5-coder:14b,positive_gen,travelTime,string,,02:45 PM,valid,
llm-communication-20260502-225524.log,115,qwen2.5-coder:14b,positive_gen,travelTime,string,,03:30 PM,valid,
llm-communication-20260502-225524.log,115,qwen2.5-coder:14b,positive_gen,travelTime,string,,04:15 PM,valid,
llm-communication-20260502-225524.log,115,qwen2.5-coder:14b,positive_gen,travelTime,string,,05:00 PM,valid,
llm-communication-20260502-225524.log,192,qwen2.5-coder:14b,positive_gen,accountId,string,,1234567890,valid,
llm-communication-20260502-225524.log,192,qwen2.5-coder:14b,positive_gen,accountId,string,,abcdefghij,valid,
llm-communication-20260502-225524.log,192,qwen2.5-coder:14b,positive_gen,accountId,string,,0987654321,valid,
llm-communication-20260502-225524.log,192,qwen2.5-coder:14b,positive_gen,accountId,string,,qrstuvwxYZ,valid,
llm-communication-20260502-225524.log,192,qwen2.5-coder:14b,positive_gen,accountId,string,,ABCDEFGHIJ,valid,
llm-communication-20260502-225524.log,193,qwen2.5-coder:14b,positive_gen,distanceList,string,,"12.5,8.2,15.7,22.1,5.9",valid,
llm-communication-20260502-225524.log,193,qwen2.5-coder:14b,positive_gen,distanceList,string,,"7.3,10.4,5.6,18.2,9.1",valid,
llm-communication-20260502-225524.log,193,qwen2.5-coder:14b,positive_gen,distanceList,string,,"11.2,6.7,14.5,20.3,4.8",valid,
llm-communication-20260502-225524.log,193,qwen2.5-coder:14b,positive_gen,distanceList,string,,"9.9,13.1,7.8,16.4,10.6",valid,
llm-communication-20260502-225524.log,193,qwen2.5-coder:14b,positive_gen,distanceList,string,,"8.5,12.3,6.0,19.8,5.0",valid,
llm-communication-20260502-225524.log,194,qwen2.5-coder:14b,positive_gen,endStation,string,,Station A,valid,
llm-communication-20260502-225524.log,194,qwen2.5-coder:14b,positive_gen,endStation,string,,Station B,valid,
llm-communication-20260502-225524.log,194,qwen2.5-coder:14b,positive_gen,endStation,string,,Station C,valid,
llm-communication-20260502-225524.log,194,qwen2.5-coder:14b,positive_gen,endStation,string,,Station D,valid,
llm-communication-20260502-225524.log,194,qwen2.5-coder:14b,positive_gen,endStation,string,,Station E,valid,
llm-communication-20260502-225524.log,197,qwen2.5-coder:14b,simple_gen,startStation,string,,Tokyo,valid,
llm-communication-20260502-225524.log,199,qwen2.5-coder:14b,diverse_gen,startStation,string,,,abstained,abstained: LLM emitted no value
llm-communication-20260502-225524.log,200,qwen2.5-coder:14b,positive_gen,stationList,string,,Grand Central Terminal,valid,
llm-communication-20260502-225524.log,200,qwen2.5-coder:14b,positive_gen,stationList,string,,Penn Station,valid,
llm-communication-20260502-225524.log,200,qwen2.5-coder:14b,positive_gen,stationList,string,,Union Station,valid,
llm-communication-20260502-225524.log,200,qwen2.5-coder:14b,positive_gen,stationList,string,,Times Square Station,valid,
llm-communication-20260502-225524.log,200,qwen2.5-coder:14b,positive_gen,stationList,string,,Broadway Station,valid,
llm-communication-20260502-225524.log,201,qwen2.5-coder:14b,positive_gen,startStation,string,,Downtown,valid,
llm-communication-20260502-225524.log,201,qwen2.5-coder:14b,positive_gen,startStation,string,,Central Station,valid,
llm-communication-20260502-225524.log,201,qwen2.5-coder:14b,positive_gen,startStation,string,,Union Square,valid,
llm-communication-20260502-225524.log,201,qwen2.5-coder:14b,positive_gen,startStation,string,,Midtown,valid,
llm-communication-20260502-225524.log,201,qwen2.5-coder:14b,positive_gen,startStation,string,,Financial District,valid,
llm-communication-20260502-225524.log,203,qwen2.5-coder:14b,simple_gen,stayTime,integer,,180,valid,
llm-communication-20260502-225524.log,205,qwen2.5-coder:14b,diverse_gen,stayTime,integer,,,abstained,abstained: LLM emitted no value
llm-communication-20260502-225524.log,206,qwen2.5-coder:14b,positive_gen,stayTime,integer,int32,30,valid,
llm-communication-20260502-225524.log,206,qwen2.5-coder:14b,positive_gen,stayTime,integer,int32,45,valid,
llm-communication-20260502-225524.log,206,qwen2.5-coder:14b,positive_gen,stayTime,integer,int32,60,valid,
llm-communication-20260502-225524.log,206,qwen2.5-coder:14b,positive_gen,stayTime,integer,int32,75,valid,
llm-communication-20260502-225524.log,206,qwen2.5-coder:14b,positive_gen,stayTime,integer,int32,90,valid,
llm-communication-20260502-225524.log,207,qwen2.5-coder:14b,positive_gen,consignee,string,,John Doe,valid,
llm-communication-20260502-225524.log,207,qwen2.5-coder:14b,positive_gen,consignee,string,,Jane Smith,valid,
llm-communication-20260502-225524.log,207,qwen2.5-coder:14b,positive_gen,consignee,string,,Alice Johnson,valid,
llm-communication-20260502-225524.log,207,qwen2.5-coder:14b,positive_gen,consignee,string,,Bob Brown,valid,
llm-communication-20260502-225524.log,207,qwen2.5-coder:14b,positive_gen,consignee,string,,Charlie Davis,valid,
llm-communication-20260502-225524.log,208,qwen2.5-coder:14b,positive_gen,handleDate,string,,2026-05-03T08:10:00Z,valid,
llm-communication-20260502-225524.log,208,qwen2.5-coder:14b,positive_gen,handleDate,string,,2026-05-04T09:15:00Z,valid,
llm-communication-20260502-225524.log,208,qwen2.5-coder:14b,positive_gen,handleDate,string,,2026-05-05T10:20:00Z,valid,
llm-communication-20260502-225524.log,208,qwen2.5-coder:14b,positive_gen,handleDate,string,,2026-05-06T11:25:00Z,valid,
llm-communication-20260502-225524.log,208,qwen2.5-coder:14b,positive_gen,handleDate,string,,2026-05-07T12:30:00Z,valid,
llm-communication-20260502-225524.log,211,qwen2.5-coder:14b,positive_gen,phone,string,,555-123-4567,valid,
llm-communication-20260502-225524.log,211,qwen2.5-coder:14b,positive_gen,phone,string,,800-555-0199,valid,
llm-communication-20260502-225524.log,211,qwen2.5-coder:14b,positive_gen,phone,string,,786-791-5845,valid,
llm-communication-20260502-225524.log,211,qwen2.5-coder:14b,positive_gen,phone,string,,212-555-0300,valid,
llm-communication-20260502-225524.log,211,qwen2.5-coder:14b,positive_gen,phone,string,,678-987-6543,valid,
llm-communication-20260502-225524.log,212,qwen2.5-coder:14b,positive_gen,targetDate,string,,2026-05-03T08:00:00Z,valid,
llm-communication-20260502-225524.log,212,qwen2.5-coder:14b,positive_gen,targetDate,string,,2026-05-10T12:30:00Z,valid,
llm-communication-20260502-225524.log,212,qwen2.5-coder:14b,positive_gen,targetDate,string,,2026-05-07T09:45:00Z,valid,
llm-communication-20260502-225524.log,212,qwen2.5-coder:14b,positive_gen,targetDate,string,,2026-05-05T15:20:00Z,valid,
llm-communication-20260502-225524.log,212,qwen2.5-coder:14b,positive_gen,targetDate,string,,2026-05-08T11:15:00Z,valid,
llm-communication-20260502-225524.log,215,qwen2.5-coder:14b,simple_gen,weight,number,,72.5,valid,
llm-communication-20260502-225524.log,217,qwen2.5-coder:14b,diverse_gen,weight,number,,68.3,valid,
llm-communication-20260502-225524.log,217,qwen2.5-coder:14b,diverse_gen,weight,number,,75.0,valid,
llm-communication-20260502-225524.log,217,qwen2.5-coder:14b,diverse_gen,weight,number,,65.7,valid,
llm-communication-20260502-225524.log,217,qwen2.5-coder:14b,diverse_gen,weight,number,,71.2,valid,
llm-communication-20260502-225524.log,217,qwen2.5-coder:14b,diverse_gen,weight,number,,74.8,valid,
llm-communication-20260502-225524.log,217,qwen2.5-coder:14b,diverse_gen,weight,number,,70.9,valid,
llm-communication-20260502-225524.log,217,qwen2.5-coder:14b,diverse_gen,weight,number,,69.5,valid,
llm-communication-20260502-225524.log,217,qwen2.5-coder:14b,diverse_gen,weight,number,,73.4,valid,
llm-communication-20260502-225524.log,217,qwen2.5-coder:14b,diverse_gen,weight,number,,76.1,valid,
llm-communication-20260502-225524.log,218,qwen2.5-coder:14b,positive_gen,within,boolean,,true,valid,
llm-communication-20260502-225524.log,218,qwen2.5-coder:14b,positive_gen,within,boolean,,false,valid,
llm-communication-20260502-225524.log,218,qwen2.5-coder:14b,positive_gen,within,boolean,,true,valid,
llm-communication-20260502-225524.log,218,qwen2.5-coder:14b,positive_gen,within,boolean,,false,valid,
llm-communication-20260502-225524.log,218,qwen2.5-coder:14b,positive_gen,within,boolean,,true,valid,
llm-communication-20260502-225524.log,219,qwen2.5-coder:14b,positive_gen,orderId,string,,ORD123456,valid,
llm-communication-20260502-225524.log,219,qwen2.5-coder:14b,positive_gen,orderId,string,,ORD789012,valid,
llm-communication-20260502-225524.log,219,qwen2.5-coder:14b,positive_gen,orderId,string,,ORD654321,valid,
llm-communication-20260502-225524.log,219,qwen2.5-coder:14b,positive_gen,orderId,string,,ORD987654,valid,
llm-communication-20260502-225524.log,219,qwen2.5-coder:14b,positive_gen,orderId,string,,ORD112233,valid,
llm-communication-20260502-225524.log,220,qwen2.5-coder:14b,positive_gen,weight,number,double,10.2,valid,
llm-communication-20260502-225524.log,220,qwen2.5-coder:14b,positive_gen,weight,number,double,45.75,valid,
llm-communication-20260502-225524.log,220,qwen2.5-coder:14b,positive_gen,weight,number,double,8.9,valid,
llm-communication-20260502-225524.log,220,qwen2.5-coder:14b,positive_gen,weight,number,double,32.1,valid,
llm-communication-20260502-225524.log,220,qwen2.5-coder:14b,positive_gen,weight,number,double,15.5,valid,
