trace_id,span_id,service,operation,source_field,value
85e8781fb5a59b55364f67b2292c6e34,9073762ed348d5bd,ts-gateway-service,POST,http.url,12032
804acb62eac00c5d8fb1aff7aa56840f,9f2537138b8d51dc,ts-gateway-service,POST,http.url,12032
d968bf550b2698ee71d6490b5df4c2ad,3c58ca82be16fa59,ts-gateway-service,POST,http.url,12031
3bd2bd78985f5cd2f58aeeb6005923a9,1c8191cf2f0e76a0,ts-gateway-service,POST,http.url,16113
b837d15c066d97356600c4cf09a5d710,ff8327ad14c6564a,ts-gateway-service,GET,http.url,12342
6c44d90ad4776541b19f3d2784c71b78,6067f584b1a09470,ts-admin-route-service,GET,http.url,11178
6c44d90ad4776541b19f3d2784c71b78,a37e685de03ab5c7,ts-gateway-service,GET,http.url,16113
99084831fbd26e00baece831b701076e,6e53d4741b16c352,ts-gateway-service,GET,http.url,14567
fee91542626e5e104bb65d55827d9088,f3b01699c5ec1b25,ts-gateway-service,POST,http.url,12032
12431e26e6780c37e31afee9165bb3d9,a21961580028d80b,ts-order-service,GET /api/v1/orderservice/order/{orderId},http.target,47e2a130-7462-4e5b-b549-5ff8f7a4a17f
12431e26e6780c37e31afee9165bb3d9,9b8153e54aefde3f,ts-order-other-service,GET /api/v1/orderOtherService/orderOther/{orderId},http.target,47e2a130-7462-4e5b-b549-5ff8f7a4a17f
12431e26e6780c37e31afee9165bb3d9,5b5aa9e11280477a,ts-execute-service,GET /api/v1/executeservice/execute/collected/{orderId},http.target,47e2a130-7462-4e5b-b549-5ff8f7a4a17f
12431e26e6780c37e31afee9165bb3d9,cace97c37a1e9765,ts-execute-service,GET,http.url,47e2a130-7462-4e5b-b549-5ff8f7a4a17f
12431e26e6780c37e31afee9165bb3d9,cace97c37a1e9765,ts-execute-service,GET,http.url,12031
12431e26e6780c37e31afee9165bb3d9,cd3f97d8927d076c,ts-execute-service,GET,http.url,47e2a130-7462-4e5b-b549-5ff8f7a4a17f
12431e26e6780c37e31afee9165bb3d9,cd3f97d8927d076c,ts-execute-service,GET,http.url,12032
12431e26e6780c37e31afee9165bb3d9,fc5f9fc622a7a991,ts-gateway-service,GET,http.url,12386
12431e26e6780c37e31afee9165bb3d9,fc5f9fc622a7a991,ts-gateway-service,GET,http.url,47e2a130-7462-4e5b-b549-5ff8f7a4a17f
12431e26e6780c37e31afee9165bb3d9,5b6c7c5a28dcb6ad,ts-gateway-service,GET /*,http.target,47e2a130-7462-4e5b-b549-5ff8f7a4a17f
43f8d4909cdd98cc62dd3fb37a64091b,f9168f6cb8d18a18,ts-gateway-service,GET,http.url,12342
9b80b7ea98a0922f58cb74b20a1fc616,cdb24bf06142eb5c,ts-gateway-service,POST,http.url,12032
a5e1bbd2057bdb7d8cb3a034a741e1bc,025ff06874387dfb,ts-gateway-service,POST,http.url,12032
5198bbe9ca95f4ea0ad7d5ffa8592cdc,c6c3032c113c24ea,ts-gateway-service,GET,http.url,15678
bdeabd45f09649bbbc866d0139d809e7,41b9dc5229ce43da,ts-gateway-service,GET,http.url,4d2a46c7-71cb-4cf1-b5bb-b68406d9da6f
bdeabd45f09649bbbc866d0139d809e7,41b9dc5229ce43da,ts-gateway-service,GET,http.url,16111
bdeabd45f09649bbbc866d0139d809e7,ecb8c815af6e7f4d,ts-gateway-service,GET /*,http.target,4d2a46c7-71cb-4cf1-b5bb-b68406d9da6f
bdeabd45f09649bbbc866d0139d809e7,61abd5ef6764678e,ts-consign-service,GET /api/v1/consignservice/consigns/account/{id},http.target,4d2a46c7-71cb-4cf1-b5bb-b68406d9da6f
de7bd592f691983d1cf4e638fd56065e,422a7857eee350fe,ts-gateway-service,POST,http.url,12340
4e6c4fc7fb085a0acb82a1ba1d6ac22b,29f979f7c8324ca6,ts-gateway-service,GET,http.url,18767
4e6c4fc7fb085a0acb82a1ba1d6ac22b,a37116c7c1e6666d,ts-admin-basic-info-service,GET,http.url,12345
16adfb7212a7be196a6dc5cda4f6aaf9,6fc24b6c8e8eda7b,ts-gateway-service,GET,http.url,16112
16adfb7212a7be196a6dc5cda4f6aaf9,ae859974c72a7d89,ts-admin-order-service,GET,http.url,12031
16adfb7212a7be196a6dc5cda4f6aaf9,4b302298d9f8066f,ts-admin-order-service,GET,http.url,12032
4288faa9164d7381e139e5bc8b40047c,466c3ee59caa2627,ts-gateway-service,GET,http.url,12345
06289715a3be92213730e05ac3eedb43,ead47dcc253a1338,ts-admin-order-service,POST,http.url,12032
06289715a3be92213730e05ac3eedb43,e51d17bece9f333f,ts-gateway-service,POST,http.url,16112
22db9559a5580e87048d5ac3aee6bf8c,11c17059bafd1a99,ts-gateway-service,GET,http.url,18767
22db9559a5580e87048d5ac3aee6bf8c,aafd3a45d0e0fa66,ts-admin-basic-info-service,GET,http.url,14567
debac862e1791d97f24c743c62c45ead,d7939481bc225c99,ts-consign-service,GET /api/v1/consignservice/consigns/account/{id},http.target,4d2a46c7-71cb-4cf1-b5bb-b68406d9da6f
debac862e1791d97f24c743c62c45ead,4897742d57c45a2a,ts-gateway-service,GET,http.url,4d2a46c7-71cb-4cf1-b5bb-b68406d9da6f
debac862e1791d97f24c743c62c45ead,4897742d57c45a2a,ts-gateway-service,GET,http.url,16111
debac862e1791d97f24c743c62c45ead,de588aa68ee158fb,ts-gateway-service,GET /*,http.target,4d2a46c7-71cb-4cf1-b5bb-b68406d9da6f
bd3954e001d9dcb4faac41cf1c20a463,9359d64f427e565c,ts-gateway-service,GET,http.url,16113
bd3954e001d9dcb4faac41cf1c20a463,6d6d280098e07f1b,ts-admin-route-service,GET,http.url,11178
e9b39cc8db21ae0e4192cd1ffb56224e,a717aef983ed4c47,ts-gateway-service,GET,http.url,12345
c42fc8478ee337948f74f500bd98d244,40c69d825b3ecf79,ts-gateway-service,POST,http.url,12031
ad751d193e22362247c7d386fbba896a,c8f74d831e9ebf56,ts-gateway-service,POST,http.url,18767
ad751d193e22362247c7d386fbba896a,dac693e254b4e5ab,ts-admin-basic-info-service,POST,http.url,14567
93ea0d95483fcd5e27bc9abb67a5f134,af137b5c61feacc6,ts-gateway-service,GET,http.url,15678
2938db591a6d3a478b55c7a25b15e538,9454617c30bb20c0,ts-gateway-service,GET,http.url,16113
2938db591a6d3a478b55c7a25b15e538,76a28e009a34f43a,ts-admin-route-service,GET,http.url,11178
06e72f6830bb81e3175014fddccb9afd,5fb1ed4fa02c50f1,ts-gateway-service,POST,http.url,12346
839326059ad57dea92d5f9aeb0a39789,ab8138a4a00071d9,ts-consign-service,GET /api/v1/consignservice/consigns/account/{id},http.target,4d2a46c7-71cb-4cf1-b5bb-b68406d9da6f
839326059ad57dea92d5f9aeb0a39789,8a3e599164a574a3,ts-gateway-service,GET,http.url,4d2a46c7-71cb-4cf1-b5bb-b68406d9da6f
839326059ad57dea92d5f9aeb0a39789,8a3e599164a574a3,ts-gateway-service,GET,http.url,16111
839326059ad57dea92d5f9aeb0a39789,59b6762880df38af,ts-gateway-service,GET /*,http.target,4d2a46c7-71cb-4cf1-b5bb-b68406d9da6f
d269d4ae919d5cc8c204b981224e4c65,ed53fa18291d44cd,ts-gateway-service,GET,http.url,18767
d269d4ae919d5cc8c204b981224e4c65,55af7d7a6e5dee9b,ts-admin-basic-info-service,GET,http.url,14567
3fddc2d680d70b36059b71491a6a8bbf,28489a11dd51d2e1,ts-gateway-service,POST,http.url,12346
4fa7f5b0be6c5211158ffbc1f89b1071,1ddb1175cf837772,ts-gateway-service,POST,http.url,16346
8d529e5d3112c827450120b2eeab6aac,3eddf641bf5d2d82,ts-gateway-service,GET,http.url,15678
30bf91e6be39ad1bfe224c9a684ef10d,aaf9a14b41d7cd7e,ts-admin-route-service,GET,http.url,11178
30bf91e6be39ad1bfe224c9a684ef10d,3c0cc4d67a658316,ts-gateway-service,GET,http.url,16113
0302bbca764173aea945649c72e1e1a4,fb35cf288f1f3b7a,ts-gateway-service,POST,http.url,12031
e5384db2e384a7b76527b3b2f030a731,73edca5bb7ea11ee,ts-gateway-service,GET,http.url,15678
4ef49ce63fbf6e79a4975680c8f72de5,da3daeaa9f568630,ts-gateway-service,GET,http.url,15678
48b4b063743f858b01878785d66df1ac,acc8300819ab5fb5,ts-gateway-service,GET,http.url,14567
f01ca4b38b346f441d4274c4f332cc48,86f3dd1534b6be09,ts-gateway-service,POST,http.url,16346
695b1ea5a9cdd042566a90e5d7f7f3f1,f2c77c6d975685ef,ts-gateway-service,GET,http.url,15678
eb157dcef0f40e63bc27287ed3fb0d51,c60c8c7e9a8e2c2f,ts-gateway-service,POST,http.url,16113
fd8249d0cd49daa1feb705a09f585d6a,f858b3448d7d9683,ts-contacts-service,GET /api/v1/contactservice/contacts/account/{accountId},http.target,4d2a46c7-71cb-4cf1-b5bb-b68406d9da6f
fd8249d0cd49daa1feb705a09f585d6a,86ec87e19bff8758,ts-gateway-service,GET,http.url,12347
fd8249d0cd49daa1feb705a09f585d6a,86ec87e19bff8758,ts-gateway-service,GET,http.url,4d2a46c7-71cb-4cf1-b5bb-b68406d9da6f
fd8249d0cd49daa1feb705a09f585d6a,c696c6b3acd8ff83,ts-gateway-service,GET /*,http.target,4d2a46c7-71cb-4cf1-b5bb-b68406d9da6f
99cb4fce6351b64e8f61dd3c09f47270,09b42180695137da,ts-gateway-service,GET,http.url,12342
50f75504fa9d397f590c4939786036e8,3c12a84a84eb015b,ts-gateway-service,POST,http.url,12031
15fb220be3101de5fd5462f205174176,aa4c7312ff5abc38,ts-admin-basic-info-service,POST,http.url,12345
15fb220be3101de5fd5462f205174176,452261a125f8fe1f,ts-gateway-service,POST,http.url,18767
c9b2d83652031fae0e2fc4d35a79a520,b911451d0042ec9d,ts-gateway-service,GET,http.url,18767
c9b2d83652031fae0e2fc4d35a79a520,e25af2e1e0fb4f2d,ts-admin-basic-info-service,GET,http.url,14567
3c61f3143b30168da204668005f41125,2fddc4df8363cad2,ts-gateway-service,GET,http.url,18767
3c61f3143b30168da204668005f41125,6602c1aa2df3cf21,ts-admin-basic-info-service,GET,http.url,16579
24cea7688cfa72ff1e801c81d7e1cb2d,dd9a15b4a2957aa4,ts-admin-route-service,POST,http.url,12345
24cea7688cfa72ff1e801c81d7e1cb2d,1a4de84774b3d634,ts-admin-route-service,POST,http.url,11178
24cea7688cfa72ff1e801c81d7e1cb2d,0a5b4f43a2dfac2e,ts-gateway-service,POST,http.url,16113
7b489e16536f191945c648789b28c592,6c7b2d40e6215a09,ts-gateway-service,GET,http.url,18767
7b489e16536f191945c648789b28c592,11b4453772dfcb1e,ts-admin-basic-info-service,GET,http.url,12345
c14197947370a19b8c68d0bdc67abbde,c4f27ff740c3d423,ts-gateway-service,POST,http.url,12032
00713333903fdfba3256f9b833198be1,5af1d58ac6ff7e1b,ts-admin-basic-info-service,GET,http.url,14567
00713333903fdfba3256f9b833198be1,f27488ac56f07ace,ts-gateway-service,GET,http.url,18767
a7a623eadf2236632500a202a5db86d3,7676b79514ce44e6,ts-execute-service,GET /api/v1/executeservice/execute/collected/{orderId},http.target,47e2a130-7462-4e5b-b549-5ff8f7a4a17f
a7a623eadf2236632500a202a5db86d3,b49b34dfff596cfc,ts-execute-service,GET,http.url,47e2a130-7462-4e5b-b549-5ff8f7a4a17f
a7a623eadf2236632500a202a5db86d3,b49b34dfff596cfc,ts-execute-service,GET,http.url,12032
a7a623eadf2236632500a202a5db86d3,f49bbd642f401754,ts-execute-service,GET,http.url,47e2a130-7462-4e5b-b549-5ff8f7a4a17f
a7a623eadf2236632500a202a5db86d3,f49bbd642f401754,ts-execute-service,GET,http.url,12032
a7a623eadf2236632500a202a5db86d3,0b071741a65549ac,ts-execute-service,GET,http.url,47e2a130-7462-4e5b-b549-5ff8f7a4a17f
a7a623eadf2236632500a202a5db86d3,0b071741a65549ac,ts-execute-service,GET,http.url,12031
a7a623eadf2236632500a202a5db86d3,f5c71a2c5bd566f3,ts-gateway-service,GET /*,http.target,47e2a130-7462-4e5b-b549-5ff8f7a4a17f
a7a623eadf2236632500a202a5db86d3,2781e40fba2d2de1,ts-gateway-service,GET,http.url,12386
a7a623eadf2236632500a202a5db86d3,2781e40fba2d2de1,ts-gateway-service,GET,http.url,47e2a130-7462-4e5b-b549-5ff8f7a4a17f
a7a623eadf2236632500a202a5db86d3,2115cbb34b02aa68,ts-order-service,GET /api/v1/orderservice/order/{orderId},http.target,47e2a130-7462-4e5b-b549-5ff8f7a4a17f
a7a623eadf2236632500a202a5db86d3,a68f03d4687dae3d,ts-order-other-service,GET /api/v1/orderOtherService/orderOther/{orderId},http.target,47e2a130-7462-4e5b-b549-5ff8f7a4a17f
a7a623eadf2236632500a202a5db86d3,da838fc28f7fc2a4,ts-order-other-service,GET /api/v1/orderOtherService/orderOther/status/{orderId}/{status},http.target,47e2a130-7462-4e5b-b549-5ff8f7a4a17f
85495c87381d8cbb20a13b8dbe221cc2,9a734a967845d7f6,ts-gateway-service,GET,http.url,15678
ad751c71717eccb5e88a22dad3df93e8,2d2400ebea89a37a,ts-consign-service,GET /api/v1/consignservice/consigns/account/{id},http.target,4d2a46c7-71cb-4cf1-b5bb-b68406d9da6f
ad751c71717eccb5e88a22dad3df93e8,3798d98c662b8b98,ts-gateway-service,GET,http.url,4d2a46c7-71cb-4cf1-b5bb-b68406d9da6f
ad751c71717eccb5e88a22dad3df93e8,3798d98c662b8b98,ts-gateway-service,GET,http.url,16111
ad751c71717eccb5e88a22dad3df93e8,41a1a7e94dfdd528,ts-gateway-service,GET /*,http.target,4d2a46c7-71cb-4cf1-b5bb-b68406d9da6f
1492687f2240e71872664c33b906078e,9c46a04fada39a0c,ts-gateway-service,POST,http.url,12032
a6db210ac3e04d05231b96888873c31e,1556731bf2ba3ba0,ts-gateway-service,GET,http.url,18767
a6db210ac3e04d05231b96888873c31e,8f6c860dfa01774d,ts-admin-basic-info-service,GET,http.url,12345
e7a1a94694cd96c3e4ffda6ef9e6aba8,1ea3f9e0690beccf,ts-gateway-service,POST,http.url,16112
e7a1a94694cd96c3e4ffda6ef9e6aba8,effe8d314db46288,ts-admin-order-service,POST,http.url,12032
5e246ebdeb4b76cc1720b6fff4f8607d,e6c9d289ccf513c0,ts-auth-service,GET,http.url,15678
5e246ebdeb4b76cc1720b6fff4f8607d,33ccfd0e5eb63bce,ts-gateway-service,POST,http.url,12340
95cadab7b8fc74514b6c45a72699ddde,a1f962b9f6414b8d,ts-gateway-service,GET,http.url,15678
8aecfe69f1f2626a9b00eac386a1d776,8f055e340809236d,ts-gateway-service,GET,http.url,14567
c604cbe51d71b84db8a8f7bf350d937e,e6a994c75d47beb2,ts-gateway-service,POST,http.url,16346
b7dba88e541d106c92d89bb9a193f465,90b4432abb3ead82,ts-gateway-service,GET,http.url,18767
b7dba88e541d106c92d89bb9a193f465,176c047b6e2af7e1,ts-admin-basic-info-service,GET,http.url,12345
e0388b083356549728f600538eb594ea,3efcb4b87c28792b,ts-gateway-service,POST,http.url,12031
b7ec788ae8579f598462e64d7de0697a,b0e626557a9d449f,ts-gateway-service,POST,http.url,18767
b7ec788ae8579f598462e64d7de0697a,2973092073dfaa83,ts-admin-basic-info-service,POST,http.url,12345
3cf9346a297b1205457918534b775f61,7b811e975f8bece8,ts-gateway-service,GET,http.url,14567
e181326eec00835e8a10a73885484d18,ce12b2050167f179,ts-gateway-service,POST,http.url,12031
35c8a7f37764f323bd2f4132e95628be,c8843a688070b334,ts-gateway-service,GET,http.url,16112
35c8a7f37764f323bd2f4132e95628be,f0f508aac9c8871f,ts-admin-order-service,GET,http.url,12032
35c8a7f37764f323bd2f4132e95628be,1a3f1269944e10a5,ts-admin-order-service,GET,http.url,12031
a095d8ca93c66c76b74ad029e1c33d5e,13024267a4bc9ba2,ts-gateway-service,GET,http.url,15678
a416c35c471cbd3805ce2f29b00da9cf,e297fefddc60a5f0,ts-gateway-service,GET,http.url,16113
a416c35c471cbd3805ce2f29b00da9cf,826c0883933eca7c,ts-admin-route-service,GET,http.url,11178
583970561575fb40d8c5390be3a2c060,e5eee1e45d9194c2,ts-admin-route-service,GET,http.url,11178
583970561575fb40d8c5390be3a2c060,0238dd36a3b02683,ts-gateway-service,GET,http.url,16113
92de829f8ce43b995496b170dc331f46,16aab35898adbf91,ts-gateway-service,GET,http.url,12342
0507e0fc236ad76af350fad42afd5747,1068e40b9aa6a0c3,ts-gateway-service,POST,http.url,12031
f9a8a6e99facee756b11026f6535c617,476480bf2d0506c5,ts-gateway-service,POST,http.url,12031
dd9c516a7c951d9e2688ba68544f605e,0c05a878898bd2a1,ts-admin-order-service,GET,http.url,12031
dd9c516a7c951d9e2688ba68544f605e,2dbe0f82cf481a60,ts-admin-order-service,GET,http.url,12032
dd9c516a7c951d9e2688ba68544f605e,012cce67fb40f1e6,ts-gateway-service,GET,http.url,16112
44826ff66297a58b1f0bc5690e1aeb09,d4ce8c8048c7094a,ts-gateway-service,POST,http.url,12032
83b72a164bf28f0617d4cf371abfb56f,30a25df5f0f13c3c,ts-gateway-service,GET,http.url,15678
7afaad6ddf31bf43dcabea0a9f0b898b,9c631f9cd3a54239,ts-gateway-service,GET,http.url,18767
7afaad6ddf31bf43dcabea0a9f0b898b,d333e69bda389ffd,ts-admin-basic-info-service,GET,http.url,12345
b3597ff985cd874eb90e0462e4b823fb,4668581bda5712ae,ts-admin-route-service,POST,http.url,12345
b3597ff985cd874eb90e0462e4b823fb,16b4445539c152d6,ts-admin-route-service,POST,http.url,11178
b3597ff985cd874eb90e0462e4b823fb,cdb84e111fad43e8,ts-gateway-service,POST,http.url,16113
cbc30097745bcbb7d73742584762b10a,9c322fbb1d5e556d,ts-gateway-service,GET,http.url,15678
ed181080ea3ce0d60a95a5abcea19a41,420c531ec9566767,ts-gateway-service,POST,http.url,12031
0e6a132b14a551c7e4bbbee3a212d4ed,0fe8b3b4e0f20f02,ts-gateway-service,GET,http.url,12342
55c513b733c8ff8295dc6b4c22779ed6,2cd9b1ad991b9a30,ts-gateway-service,POST,http.url,16113
55c513b733c8ff8295dc6b4c22779ed6,d649d3bdca7c07b7,ts-admin-route-service,POST,http.url,12345
55c513b733c8ff8295dc6b4c22779ed6,0bd9262e4649599a,ts-admin-route-service,POST,http.url,11178
b1b1fae2671ccde52fd81616b2d90246,fcef064e5a91660b,ts-gateway-service,POST,http.url,12031
545b4f8c08b6e67ec19d2fafbf1f8caf,22a84acaa208026a,ts-gateway-service,POST,http.url,12031
ec6affc0cf1f2692ee3d61bb4637bbc1,c650e914ad13118b,ts-auth-service,GET,http.url,15678
ec6affc0cf1f2692ee3d61bb4637bbc1,df40d77e1ed858f2,ts-gateway-service,POST,http.url,12340
6476b39c143d7ba9bdc7bb70aa6013d3,5698e91049208150,ts-admin-basic-info-service,POST,http.url,12345
6476b39c143d7ba9bdc7bb70aa6013d3,f99ad992948e11e4,ts-gateway-service,POST,http.url,18767
6c264566647c62c472ea157b753449cb,55a7920f4bf9549d,ts-gateway-service,POST,http.url,16346
c24daec82ab955950e726529c4e765af,45941f86dbea63d8,ts-consign-service,GET /api/v1/consignservice/consigns/order/{id},http.target,df2b3a56-3043-481d-87b1-6c347ccc5816
c24daec82ab955950e726529c4e765af,60be1080f4ab1ea3,ts-gateway-service,GET,http.url,16111
c24daec82ab955950e726529c4e765af,60be1080f4ab1ea3,ts-gateway-service,GET,http.url,df2b3a56-3043-481d-87b1-6c347ccc5816
c24daec82ab955950e726529c4e765af,743c5e780743f457,ts-gateway-service,GET /*,http.target,df2b3a56-3043-481d-87b1-6c347ccc5816
1d31d0904fdd28c7e38e1c5e7a743832,cb27b7ba0a53ecb0,ts-gateway-service,POST,http.url,12032
95973629c619b248bd6ff099d5f24aa8,a841e70498bf6a3b,ts-admin-route-service,GET,http.url,11178
95973629c619b248bd6ff099d5f24aa8,0448ec4d055b197d,ts-gateway-service,GET,http.url,16113
8a39bee90c225eaf5655b5cbdfc4cd0b,84a4b742f2dcb541,ts-gateway-service,POST,http.url,12032
dd3ad786b0b1818ad7afa5c0a0aeea10,723f25f78684293a,ts-gateway-service,GET,http.url,16112
dd3ad786b0b1818ad7afa5c0a0aeea10,93c12d3b8386a1f4,ts-admin-order-service,GET,http.url,12031
dd3ad786b0b1818ad7afa5c0a0aeea10,5e6948d616c6b389,ts-admin-order-service,GET,http.url,12032
d90c3d80bcb8d77b2899fc05f3613c37,e1e19c8a28ab3bed,ts-gateway-service,POST,http.url,12346
6c7d167b147ad3ef3c4b609c3a9b9646,bba16a96cc97712a,ts-gateway-service,GET,http.url,18767
6c7d167b147ad3ef3c4b609c3a9b9646,4c9726d5ca9cb38f,ts-admin-basic-info-service,GET,http.url,12345
28a47531818821e101e3c6a09dba067c,041752ca63dade9a,ts-gateway-service,POST,http.url,16113
28a47531818821e101e3c6a09dba067c,993b496b39a0d254,ts-admin-route-service,POST,http.url,12345
28a47531818821e101e3c6a09dba067c,14531ff867325292,ts-admin-route-service,POST,http.url,11178
32b4af45c770add94fb52d73b2e688b6,88d8a8c253626e5f,ts-gateway-service,POST,http.url,12032
4b2a83443d35284a744e81c83a60f227,e4ec0228e247476b,ts-gateway-service,PUT,http.url,18767
4b2a83443d35284a744e81c83a60f227,c2a4756f42d0acbf,ts-admin-basic-info-service,PUT,http.url,12345
bed1e0a96f400129f677048cd309d64d,e38563be3a25dd8a,ts-gateway-service,PUT,http.url,16111
10c6e82e2170aee082992188a0223ff6,8ae4b37307404fef,ts-gateway-service,POST,http.url,12031
11d22dcb0f55b02ac5fa738b8828d252,10c8c706a14bc594,ts-admin-route-service,GET,http.url,11178
11d22dcb0f55b02ac5fa738b8828d252,21fbe3cc336321f9,ts-gateway-service,GET,http.url,16113
45aeaa3fecddca2154aa3debde4a47ab,872071c9726cad8f,ts-gateway-service,GET,http.url,11178
805a5489bba130b160ed38fbe9397769,c712b17e27ecd837,ts-gateway-service,GET,http.url,18767
805a5489bba130b160ed38fbe9397769,80dd56293a1bac48,ts-admin-basic-info-service,GET,http.url,16579
274db852a5222e30746c47df691f9217,79c1499a104291a7,ts-gateway-service,GET,http.url,11178
fb0a384f45cf9ca101d53dafb7490f53,94533c8941a6938b,ts-gateway-service,POST,http.url,12031
9a1fbcb89bdbc52fcc095453b0c8596c,daf1104eefc11d4c,ts-gateway-service,POST,http.url,12346
fdfa48e22f623f98ed9f52bee67e69f1,1a500812b37eb4f1,ts-gateway-service,GET,http.url,15678
630bb6379ad962f53e708e570aa48cff,fb45e75c77914c9a,ts-admin-basic-info-service,PUT,http.url,14567
630bb6379ad962f53e708e570aa48cff,2397d902928f949c,ts-gateway-service,PUT,http.url,18767
b7e0a93baf684e07818b142f694a57e1,59c9816a0fd7c244,ts-execute-service,GET /api/v1/executeservice/execute/execute/{orderId},http.target,3c0120cf-7d4f-491a-9038-333ad8665728
b7e0a93baf684e07818b142f694a57e1,2fc59f1961a0a058,ts-execute-service,GET,http.url,3c0120cf-7d4f-491a-9038-333ad8665728
b7e0a93baf684e07818b142f694a57e1,2fc59f1961a0a058,ts-execute-service,GET,http.url,12031
b7e0a93baf684e07818b142f694a57e1,6a212fe99cdf12e2,ts-execute-service,GET,http.url,3c0120cf-7d4f-491a-9038-333ad8665728
b7e0a93baf684e07818b142f694a57e1,6a212fe99cdf12e2,ts-execute-service,GET,http.url,12032
b7e0a93baf684e07818b142f694a57e1,bc8480ef62e1d9a8,ts-execute-service,GET,http.url,3c0120cf-7d4f-491a-9038-333ad8665728
b7e0a93baf684e07818b142f694a57e1,bc8480ef62e1d9a8,ts-execute-service,GET,http.url,12032
b7e0a93baf684e07818b142f694a57e1,2e31c08607653f49,ts-gateway-service,GET,http.url,3c0120cf-7d4f-491a-9038-333ad8665728
b7e0a93baf684e07818b142f694a57e1,2e31c08607653f49,ts-gateway-service,GET,http.url,12386
b7e0a93baf684e07818b142f694a57e1,593eb16e5771284f,ts-gateway-service,GET /*,http.target,3c0120cf-7d4f-491a-9038-333ad8665728
b7e0a93baf684e07818b142f694a57e1,65ae3114a45abb6d,ts-order-service,GET /api/v1/orderservice/order/{orderId},http.target,3c0120cf-7d4f-491a-9038-333ad8665728
b7e0a93baf684e07818b142f694a57e1,cf8297e1a97cd19c,ts-order-other-service,GET /api/v1/orderOtherService/orderOther/status/{orderId}/{status},http.target,3c0120cf-7d4f-491a-9038-333ad8665728
b7e0a93baf684e07818b142f694a57e1,07892dc750f95f27,ts-order-other-service,GET /api/v1/orderOtherService/orderOther/{orderId},http.target,3c0120cf-7d4f-491a-9038-333ad8665728
80df9fbdc20b3a2e3dbd88bc4eeb7288,4403da32c12da7ca,ts-gateway-service,GET,http.url,4d2a46c7-71cb-4cf1-b5bb-b68406d9da6f
80df9fbdc20b3a2e3dbd88bc4eeb7288,4403da32c12da7ca,ts-gateway-service,GET,http.url,16111
80df9fbdc20b3a2e3dbd88bc4eeb7288,8565f2408d7cdca7,ts-gateway-service,GET /*,http.target,4d2a46c7-71cb-4cf1-b5bb-b68406d9da6f
80df9fbdc20b3a2e3dbd88bc4eeb7288,55e7ea2b5a3a36e3,ts-consign-service,GET /api/v1/consignservice/consigns/account/{id},http.target,4d2a46c7-71cb-4cf1-b5bb-b68406d9da6f
756b3670eed348954cfac5a537cf4b09,efa5b3d9b60856ca,ts-gateway-service,GET,http.url,16113
756b3670eed348954cfac5a537cf4b09,42b4b4f836e156c3,ts-admin-route-service,GET,http.url,11178
4e56e9e482f04d5c742ed498db77a838,e2c615b6552e1f79,ts-gateway-service,GET,http.url,15678
2f4f7c98dfb049ff39d0c11f46146c66,1c33824a03e6070a,ts-gateway-service,POST,http.url,12032
6969570a8097cc4c6d17d42a262f3249,fbbed1599eb42a97,ts-gateway-service,POST,http.url,18767
6969570a8097cc4c6d17d42a262f3249,f0698e3fc5edc274,ts-admin-basic-info-service,POST,http.url,14567
9f180e1dd5083908cbc1d6c38ed7df2b,a4d51a3c5a7093cd,ts-gateway-service,POST,http.url,12346
80526dcaab94ae895ebe2f0578e1db22,de20c6402f196437,ts-gateway-service,GET,http.url,4d2a46c7-71cb-4cf1-b5bb-b68406d9da6f
80526dcaab94ae895ebe2f0578e1db22,de20c6402f196437,ts-gateway-service,GET,http.url,16111
80526dcaab94ae895ebe2f0578e1db22,d22c0812f3940066,ts-gateway-service,GET /*,http.target,4d2a46c7-71cb-4cf1-b5bb-b68406d9da6f
80526dcaab94ae895ebe2f0578e1db22,ea0f6c46c7a6b61a,ts-consign-service,GET /api/v1/consignservice/consigns/account/{id},http.target,4d2a46c7-71cb-4cf1-b5bb-b68406d9da6f
e0937b09557435d95f6a2a14529b1c07,d3a50ab9c0fbe385,ts-admin-basic-info-service,GET,http.url,14567
e0937b09557435d95f6a2a14529b1c07,1e04069621f6b8da,ts-gateway-service,GET,http.url,18767
950a2007bc0c7630030f300571e26970,82b9c3d8079d7142,ts-admin-order-service,GET,http.url,12031
950a2007bc0c7630030f300571e26970,4075f9eec3a1acec,ts-admin-order-service,GET,http.url,12032
950a2007bc0c7630030f300571e26970,ed21ab60d1b78cd8,ts-gateway-service,GET,http.url,16112
877e8286350b6ccb132cd74ff73afc9b,324c971a662653a2,ts-gateway-service,GET,http.url,18767
877e8286350b6ccb132cd74ff73afc9b,74d6ddaa6dd35737,ts-admin-basic-info-service,GET,http.url,14567
cc01bd986057bb48427f3b4933833741,bb2b3af94071a8e3,ts-consign-service,GET /api/v1/consignservice/consigns/order/{id},http.target,47e2a130-7462-4e5b-b549-5ff8f7a4a17f
cc01bd986057bb48427f3b4933833741,34bd3619315c1dae,ts-gateway-service,GET /*,http.target,47e2a130-7462-4e5b-b549-5ff8f7a4a17f
cc01bd986057bb48427f3b4933833741,aa431e748e47ef7d,ts-gateway-service,GET,http.url,16111
cc01bd986057bb48427f3b4933833741,aa431e748e47ef7d,ts-gateway-service,GET,http.url,47e2a130-7462-4e5b-b549-5ff8f7a4a17f
ffd75e13ec9419abea9ca7dcf484c41a,330ed2433d33db4d,ts-gateway-service,GET,http.url,18767
ffd75e13ec9419abea9ca7dcf484c41a,b29523ea5f2f8bfb,ts-admin-basic-info-service,GET,http.url,12345
6090d21caea5a3d0b8ac3e8dae0818e8,772595f5fec975c0,ts-gateway-service,GET,http.url,11178
c920dbec5ad3e90e8099abc81d99158d,e5d54383d75a3eb8,ts-gateway-service,POST,http.url,12032
b68a49cf365c53e6b5b06b0a0194a8d3,fb6821463e063153,ts-gateway-service,GET,http.url,15678
9da4ca13c52f90ef0d142d8fc283963c,4f634d600b976cb2,ts-admin-basic-info-service,GET,http.url,12345
9da4ca13c52f90ef0d142d8fc283963c,cdef4fcd6961e3e6,ts-gateway-service,GET,http.url,18767
fbf14974be0adb4e691a15b619441fba,71921aeb0964e4ba,ts-gateway-service,GET,http.url,12345
3d2705292d60e3bbc008a96a1cc7f1df,d2babd9706977398,ts-execute-service,GET,http.url,df2b3a56-3043-481d-87b1-6c347ccc5816
3d2705292d60e3bbc008a96a1cc7f1df,d2babd9706977398,ts-execute-service,GET,http.url,12031
3d2705292d60e3bbc008a96a1cc7f1df,86fdf93640d25391,ts-execute-service,GET /api/v1/executeservice/execute/collected/{orderId},http.target,df2b3a56-3043-481d-87b1-6c347ccc5816
3d2705292d60e3bbc008a96a1cc7f1df,a7f985afdb319a6b,ts-execute-service,GET,http.url,df2b3a56-3043-481d-87b1-6c347ccc5816
3d2705292d60e3bbc008a96a1cc7f1df,a7f985afdb319a6b,ts-execute-service,GET,http.url,12032
3d2705292d60e3bbc008a96a1cc7f1df,3ced4fa10b90327e,ts-execute-service,GET,http.url,df2b3a56-3043-481d-87b1-6c347ccc5816
3d2705292d60e3bbc008a96a1cc7f1df,3ced4fa10b90327e,ts-execute-service,GET,http.url,12032
3d2705292d60e3bbc008a96a1cc7f1df,51fb82d5acfb2dc4,ts-gateway-service,GET,http.url,12386
3d2705292d60e3bbc008a96a1cc7f1df,51fb82d5acfb2dc4,ts-gateway-service,GET,http.url,df2b3a56-3043-481d-87b1-6c347ccc5816
3d2705292d60e3bbc008a96a1cc7f1df,077851325fda5a29,ts-gateway-service,GET /*,http.target,df2b3a56-3043-481d-87b1-6c347ccc5816
3d2705292d60e3bbc008a96a1cc7f1df,afae6cc5f7dcc3f6,ts-order-service,GET /api/v1/orderservice/order/{orderId},http.target,df2b3a56-3043-481d-87b1-6c347ccc5816
3d2705292d60e3bbc008a96a1cc7f1df,0be1f97e53479758,ts-order-other-service,GET /api/v1/orderOtherService/orderOther/{orderId},http.target,df2b3a56-3043-481d-87b1-6c347ccc5816
3d2705292d60e3bbc008a96a1cc7f1df,096ed877beb56fd7,ts-order-other-service,GET /api/v1/orderOtherService/orderOther/status/{orderId}/{status},http.target,df2b3a56-3043-481d-87b1-6c347ccc5816
ae4c509818f65938fe16b41d077276ff,2340cd6511deaed0,ts-gateway-service,POST,http.url,12032
1c8860c5596428bb80686ffe1d4dc296,1494eb3730b60719,ts-gateway-service,GET,http.url,11178
6e4482b8e0a2f76bb781d739e8352261,00465aa1d19c3135,ts-gateway-service,GET,http.url,12342
58608d38ba3b08d2845e452b619d18bd,0d4c2ee8b5516791,ts-gateway-service,POST,http.url,12340
d829db0db7c0fbc4c238b6d06f8810ba,7f0e084dfab07478,ts-admin-route-service,POST,http.url,11178
d829db0db7c0fbc4c238b6d06f8810ba,db457e0377e69a6e,ts-admin-route-service,POST,http.url,12345
d829db0db7c0fbc4c238b6d06f8810ba,f941ae357470de59,ts-gateway-service,POST,http.url,16113
1e5b7e385057b0275a2828d9791552dd,89badf4fcab71017,ts-admin-basic-info-service,GET,http.url,12345
1e5b7e385057b0275a2828d9791552dd,4f24955c9d42790f,ts-gateway-service,GET,http.url,18767
80338f5938e2cb6f63c9814693e9ab45,a318aa8bb4d657e3,ts-admin-route-service,GET,http.url,11178
80338f5938e2cb6f63c9814693e9ab45,c5be5387cd46142e,ts-gateway-service,GET,http.url,16113
e174774c0afb0843d79fcb32b729ebde,ad368910148f15dd,ts-contacts-service,GET /api/v1/contactservice/contacts/account/{accountId},http.target,4d2a46c7-71cb-4cf1-b5bb-b68406d9da6f
e174774c0afb0843d79fcb32b729ebde,b3454b86d0559c41,ts-gateway-service,GET,http.url,12347
e174774c0afb0843d79fcb32b729ebde,b3454b86d0559c41,ts-gateway-service,GET,http.url,4d2a46c7-71cb-4cf1-b5bb-b68406d9da6f
e174774c0afb0843d79fcb32b729ebde,190eac2445b3c52b,ts-gateway-service,GET /*,http.target,4d2a46c7-71cb-4cf1-b5bb-b68406d9da6f
17e24e8d93528cf7a8bb5738a695818b,dd5fc4a5ed3b7c6b,ts-gateway-service,GET,http.url,15678
0ab98b2acda4d7d9f7da536e5592e91b,62a5e4d19bdbdf41,ts-gateway-service,GET,http.url,18767
0ab98b2acda4d7d9f7da536e5592e91b,2d47dea684fe1b05,ts-admin-basic-info-service,GET,http.url,12345
68837928c18e34420a5d35d3e1c7e6ad,424cd14a73cbb134,ts-gateway-service,GET,http.url,15678
0eba5f8d43abfc5b955433f247c1ef6d,bc9d3744d4152c60,ts-gateway-service,POST,http.url,12346
b105b77f47f0f8207ffb25ec3b1c8627,db67eb1be7451dc8,ts-admin-basic-info-service,GET,http.url,16579
b105b77f47f0f8207ffb25ec3b1c8627,06e1c50e96a68ded,ts-gateway-service,GET,http.url,18767
130d3aacd64fc7cc57ee92a34a89886b,d6ceb9aba1ac531c,ts-admin-basic-info-service,GET,http.url,14567
130d3aacd64fc7cc57ee92a34a89886b,efd26e1b10efa6ea,ts-gateway-service,GET,http.url,18767
c4f57df5f00d6014d880c1fcbe7c71e4,d4cf122c64496d41,ts-gateway-service,GET,http.url,16112
c4f57df5f00d6014d880c1fcbe7c71e4,679366dd9c9491ec,ts-admin-order-service,GET,http.url,12031
c4f57df5f00d6014d880c1fcbe7c71e4,79de05ca2b494fdd,ts-admin-order-service,GET,http.url,12032
b2339f821bb68c99879d62643d02c49d,e8124880df93ba69,ts-admin-basic-info-service,GET,http.url,14567
b2339f821bb68c99879d62643d02c49d,58fe8fbf51a5434d,ts-gateway-service,GET,http.url,18767
cbf95bfe069e4ea0707f8785be9d813b,fe86c19a5cf3a1da,ts-travel-plan-service,POST,http.url,14578
cbf95bfe069e4ea0707f8785be9d813b,980ceeb415f70450,ts-gateway-service,POST,http.url,14322
cbf95bfe069e4ea0707f8785be9d813b,7c2313ae7e31d90d,ts-route-plan-service,POST,http.url,12346
cbf95bfe069e4ea0707f8785be9d813b,ad2ebc65f547cc0e,ts-route-plan-service,POST,http.url,16346
cd89ed50c945dadb8ebdaabc1c78baa7,ea50d8a5738edddd,ts-gateway-service,GET,http.url,15678
f1099255469ac08d89838f3c0dd97f22,9eb46af6944c6942,ts-gateway-service,POST,http.url,12031
b0482a4380a45193b850ac1a1ecb9b55,ac60ca5bcf6b2fe1,ts-gateway-service,POST,http.url,14322
b0482a4380a45193b850ac1a1ecb9b55,622a0c780fe3de8b,ts-route-plan-service,POST,http.url,12346
b0482a4380a45193b850ac1a1ecb9b55,53f7764d8ea64248,ts-route-plan-service,POST,http.url,16346
b0482a4380a45193b850ac1a1ecb9b55,ad2a9dabe4a5f2bb,ts-travel-plan-service,POST,http.url,14578
c4a341a362daf958b08bc1b9d214f8d0,45c2c512cbd1b66d,ts-admin-route-service,GET,http.url,11178
c4a341a362daf958b08bc1b9d214f8d0,b0d395f13e2152f9,ts-gateway-service,GET,http.url,16113
f28c94f523d600e3f8c03e5914960cac,60d20d71cdda128a,ts-gateway-service,POST,http.url,12346
1bdde7d9cc7c19eca00e7b12f41c225f,b3171f22769e267e,ts-gateway-service,POST,http.url,18767
1bdde7d9cc7c19eca00e7b12f41c225f,681bc35d04f35aea,ts-admin-basic-info-service,POST,http.url,12345
a947bb3afe82d259aacd42b4e707129f,b6ee58ef60a5a89e,ts-gateway-service,GET,http.url,16111
a947bb3afe82d259aacd42b4e707129f,b6ee58ef60a5a89e,ts-gateway-service,GET,http.url,47e2a130-7462-4e5b-b549-5ff8f7a4a17f
a947bb3afe82d259aacd42b4e707129f,7ccc3b4b8889fb5c,ts-gateway-service,GET /*,http.target,47e2a130-7462-4e5b-b549-5ff8f7a4a17f
a947bb3afe82d259aacd42b4e707129f,63ac4ef2517859ec,ts-consign-service,GET /api/v1/consignservice/consigns/order/{id},http.target,47e2a130-7462-4e5b-b549-5ff8f7a4a17f
2cbc60d87ff0b8c84fd3fc878b95d744,d4c58ffcc35734de,ts-gateway-service,POST,http.url,12032
6bb32af3ef3fc7d28f356891f38fc187,f4c21c0c0b9c2390,ts-consign-service,GET,http.url,16110
6bb32af3ef3fc7d28f356891f38fc187,be08421890893305,ts-gateway-service,PUT,http.url,16111
4ea11d8d47e4e78c1cdf4c5634025fd6,56f98be90a9ebb74,ts-gateway-service,POST,http.url,12031
c598b5971ca7f17f500496315c3f02e2,c14252bc11c20620,ts-gateway-service,GET,http.url,12345
